Tweet,HS_Physical
al alquran ya bang mulut kayak orang kafir bejat hina farhat abbas law,1
awaasss berita saudara gerung susah cari kosakata bocor picing mata bibir monyong samping suara ky nhn kentut politik kotor zaman b pulang ky nhn ngeden dungu,1
ih pintar orang politik kaca oi tampang k k orang bego wkwk,1
gerombol kadal jidat gosong suka ribut gerombol salah pura pura budek dasar gerombol cingkrang uniform resource locator,1
rabun budek gue tulis bicara,1
tantang buka dada eh setan habis kamus lawan kenegarawanan joko widodo presiden ri 7 stresssssss nih hati hati kena strok serang jantung rakyat indonesia hilang badut badut politik merdeka,1
yaelah chat urus lihat mesum anggota dewan wakil rakyat diam nyata selingkuh tujuh pura pura budek cebong iq ratus otak,1
kristus anjing anjing jembut keparat picek tai pejuh siwuk kutang siwuk idiot keparat picek tai pejuh siwuk kutang siwuk idiot keparat picek tai pejuh siwuk kutang siwuk idiot keparat picek tai pejuh siwuk kutang siwuk idiot keparat picek tai pejuh siwuk k,1
perempuan kayak mending mati deh jelek sok make up a ist,1
perjaka jual sok sok an booking tante idiot anjir,1
mata picek cuk norak lihat prestasi jokowi nguoblokkk tolol,1
mata lu picek ya janji jokowi tagih susilo bambang yudhoyono mata picek blok,1
as clara anak pintar dongok kocak cantik idot tau malu urat malu putus butt muka nya imut banget,1
mata picek mata lihat belah,1
bencong bacot cewek kayak banci amen kasih duit bacot mending cakap jelek kayak suram mentioned gue langsung kutip twit,1
busuk mawati agama islam takut gejala gila nih nenek,1
bera i cacat,1
woi bolot,1
percaya akun wa 081381413774 nya percaya video camera sex bukti video call detik pas suruh transfer alas nya ni muka nya kayak monyet uniform resource locator,1
bukti radikal an hati front bela islam bukti orasi orasi hati front bela islam fitnah caci maki hadap perintah polisi republik indonesia ulama kiai kiai dasar otak bebek pura pura buta tuli isi otak junj,1
ya goblok mas jaka sembung bawa sepeda sekolah bawa golok gila nih orang tua nya,1
heran setan iblis kabur takut dengar azan makhluk allah anteng dengar azan pura pura budek kuping kalah setan iblis,1
iya jual sih koh mata ih picek ta liak tas jlentrek sak tai dayak dik toko tas kulit lumpia sek kosong tas kulit kadal koh cocok lidah,1
sarap peduli bgstttttttt,1
fix sinting,1
tabayun ngomyang cocot busuk wkwk pelihara main isu sara bangga,1
baca berita nya nih aki ganggu jiwa nya 2019 amin kalah malaikat bilang kafir pro asing kasihan malaikat nge i urus calon presiden bawa aki gila,1
cebong girang kibul najis bong mata picek,1
sinting rusak,1
buta ya om,1
kh ruf bicara belaga budek belaga pilon sundul ganti presiden,1
ganti presiden ndasmu atos umbar cocot he goblok,1
presiden buta tuli pimpin tubruk tabrak budek dengar rakyat teriak lengser jokowi,1
sih idiot jumawa menang kemarin 2019 ganti presiden,1
makar omong zon suka adu domba bawa nama islam agama pegang hidup orang sok suci zon mulut dower bacot,1
minat mail looking at whole ya dulunya cheater silap and maaf sampah sarap sshhh,1
perempuan kayak mending mati deh jelek sok make up a ist,1
ngakakkk banget kepick ya derita nice mochi gue lo taken lo cacat,1
bencong idiot it berani akun asli sebar hoaks fitnah coba lihat akun cong,1
wasit picek,1
orang edan,1
usaha kayak coba gue ky gue korban pergi pagi pulang malam sinting,1
kaca bolot uniform resource locator,1
lihat tampang tampang banci lgbt uniform resource locator,1
muka cabul muka sih banci berani anonim,1
adek ustad otak nangkring dengkul susah jalan bantu amplop biar oceh utara kidul adik ustad pelihara jenggot bandot doyan provokator santa santai adik ustad perut bun,1
ogah ajak pilih jokowi idiot,1
cacat otak pelihara,1
mata picek a duit paksa beli hutang release 11 bank koar koar bayar dana urus dungu plus kocak ambil,1
urus telur becus urus dasar cungkring peang 2 x,1
alumni sekte togel kena ganggu jiwa karma,1
cocot busuk,1
salah muka jelek mulut selamat tinggal otak kotor dik e munafik dakwah laku bejat,1
rep help lelang acc mata picek mentang mentang nama iya bilang gue usn,1
kayak tai congor jablay lebar kayak anjing,1
mata picek,1
badan gue bicara hoi dengar tulang gue bunyi mata gue lelah lihat layar melulu tangan cape etik melulu he budek gue dengar bego maaf gue,1
langsung strok wkwk orang picek tau,1
kerja cornelis tionghoa stres gila,1
sih rosa muka tugu batu nissan gentle kaum cebong,1
peluang kerja rakyat warga asing nih bolot sektor,1
muka kampung tampang laku sinkron,1
hebat dungu bin idiot uniform resource locator,1
sih kunyuk twitnya genap generalisasi kaum bacot mutu sepe i lihat sarap,1
neng hormat pakai mulut bicara mohon maaf pakai silit,1
mulut kampang,1
presiden malu bangsa plonga plongo tulah toleh boneka idiot,1
cacat,1
puisi bajing wajah setan mulut iblis manusia binatang mesum seni monyet,1
oi cebong ya dasar komunis ateis sifilis autis salib,1
mata gue picek pakai koma koma,1
mata picek bukti hoaks bukti km lorot otak,1
main cacat masuk teco tolol,1
malu tertawa dasar idiot,1
jelek budek,1
tulis gue paham gue otak gue otak otak autis kayak bikin thread goblok sel kulit mati,1
situ sarap bera i anjir,1
cacat,1
gue anjing penasaran iya iya bicara maju garuda kuping budek,1
otak tara gender telanjang dasar mesum cacat,1
anjing tai goblok idiot bangsat monyet babi fuck kont kangen goblok iya tau kasar banget maaf,1
peang sayang cinta bolot sok pintar lot gue,1
congor persis congor onta,1
budek sih gendut,1
hai kampret goblok idiot bin bodoh baca pelihara peet kampret msu sehat turki israel hubung diplomatik uniform resource locator,1
al alquran ya bang mulut kayak orang kafir bejat hina,1
mark pilih si reena mata picek belah,1
cacat,1
amit amit dower burik keriput diposting anjing ogah lihat jijik,1
asu wasit picek,1
astaga bolot banget,1
natural killer marah marah tk payah grab woi duduk diam diam rumah bodoh idiot orang bodoh tahap tk bwk bincang,1
indah tai sapi mata picek,1
hijrah hijrah arah parah sarana duit akhlak mabuk nikmat selangkang pecun dasar isi otak sempak susah ubah,1
op rohingya teroris botak teroris buddha uniform resource locator,1
pick we get love doang mata picek pas pick,1
bilang gue bangsat mata amblek otak pakai baca pelan tafsir maksud gue ndasmu amoh bangsat orang lihat goblok mu pintar media sosial ngablak uniform resource locator,1
ombudsman budek buta hadap reklamasi kerja rakyat jongos asing,1
beda orang suka jelek jelek sesuai nya suka jelek jelek orang mein idiot,1
idiot islam gerombol jual ayat agama islam dungu rawat beda salah rocky gerung islam fiksi nge i a iny,1
bukti jokowi sembako pakai anggar belanja negara lapor k polisi bukti cocot mu ojok mangap koyok bajul,1
anjing orang sarap pusing gue lihat,1
calon legislatif budek amp ngawur bayang,1
mata picek kerja alias ahok,1
muka burik bangsat ngewe,1
dungu idiot permanen,1
agama om idiot cebur kolam butek banget sih,1
luhut sih muka bajing usaha duit,1
bodoh bera i tampil bro sifat kasih kristus pakai daster rambut gondrong jenggot bandot,1
indonesia lawyers club prabowo serang minggu indonesia lawyers club mutu hadir orang gila kuping,1
iya ya bodoh balas komen komenmu tolol hehe bangku sekolah baca data benci otak mu gagal kerja,1
mata picek benci hadap jokowi tutup hati pikir sejarah cipta era jokowi buka kaca mata lihat hutang negara era j,1
gue kasihan kes oposisi iya bolot hitung hitung sri mulyani suhu iya bilang kelas dunia uniform resource locator,1
bolot lot doang nge i,1
neng andi minum kopi gih congor korsleting,1
tua picek,1
jokowi diktator muka kampung hehe,1
sarap,1
sampean idiot malu ya umbar goblok ulang ulang,1
sarap,1
wasit picek,1
oi sat budek ya,1
lemak tepu transfer cacat kekal bye,1
pikir busuk bunuh korban bunuh tentara polisi masarakat bunuh separatis picek kah mata,1
bodoh gila pi baca tweet tweet sial,1
sinting orang duh,1
haha muka banci kecoa kafir z,1
dasar bolot uniform resource locator,1
haha kafir plonga plongo nih muka banci salon uniform resource locator,1
tenggelam bocah kepala koreng maha sombong langit menang keparat cepat,1
budek congean,1
jiahahahhh sih bencong idiot galau keper nih sebar berita fitnah maklum sih gue bencong turun gerwani surat pemberitahuan cong fitnah makan surat pemberitahuan kerja suka mangkal emper hihi,1
sombong bacot awak rupe monyet awak cakap pakai akal sikit orang singgung anjing,1
sipit bank rakyat indonesia,1
haha mata picek a,1
ancam bom mata sipit lucu lucu ya lucu lucu,1
kaca idiot idiot panggil idiot,1
amit amit mulut congor satwa nama anjing sih,1
goblok banget lek mempe ahankan jokowi utang sing go bangun pirang persen podo melek data picek,1
bijak om jokowi diktator wajah lugu nya om,1
ireng kafir anjing,1
he tutup congor bau bacot mulu kerja,1
ahok and bani serbet and wereng coklat pancing umat muslim marah iklan ahok jahat kumpul orang sinting,1
sih picek nih bilang lucu,1
bong dengar jerit tani dengar jerit tani garam bolot akut perata maksud bong gue mohon sih kerak otak lumpur ira,1
mentang mentang kuasa ambil wenang yudisial sarap,1
hebat ukur kadar iman orang kadar lihat golong orang picek mata hati,1
marah kasihan kerja keras bacot diam kerja keras bacot bau mulut,1
tuhan pilih gubernur lari arab ya cong nelo bencong otak idiot hina banget hidup ya cong,1
iya gue tau tau picek swafoto,1
semarang kaline butek sing sayang mata picek,1
manusia sinting uniform resource locator,1
foto doang anak idiot kayak,1
muka kayak pantat monyet beruk celeng,1
nih platipus idiot kasih udara,1
tukar cincin makan sipit mata belok mata ron sipit,1
mata picek,1
woiii goblok produk kafir anjing pakai muslim promosi negara muslim tolol nih orang tel sperma cebong ya muka tampang copet bacot amplas gih muka pakai parut biar gante,1
sih nenek nenek mulut jembut oceh melulu sedak bulu jembut mati nek,1
televisi terang menteri sehat budek kuping nya,1
cocot rusak,1
oh iya ya otak keropos makan belatung onta x8,1
kagum gemar bajing nista agama ancam demokrasi halal balas sakit hati nya dasar kecut jongos jongos mulut jamban 2030 september,1
picek a mata,1
bego ah budek,1
wajar cebong gila akibat bela sih kodok indonesia hancur lebur,1
mata picek,1
sarap nih dukung prabowo,1
picek mata,1
ya gara gara mata wasit picek lihat bola kena raket salah sikap kevin,1
panggil pelan pelan mbak cebong budek,1
muka kontol monyet,1
refleks sarah cubit pinggang sang adam motor laju cepat alis te aut kesal lantas luncur protes bawa gadis preman pasar idiot,1
cacat ceng,1
papah mata picek,1
ah congor mu zon,1
makan babi bentuk wang haram muka babi perangai babi babi politikus ronggeng babi,1
he kontol sok mes rupiah muka kayak memek orang tua kayak monyet agama agama kontol 35,1
nama islami laku aduh goblok tampang sesak oi,1
sih tiang listrik kampret li junhui gue tabrak pakai bajaj pasang bom dasar cungkring tau,1
hoooy ayo balas bisu malu kaum iblis hhhhh gelar ahli provokator,1
berani putra melayu takut berani teriak teriak bantu hajar mulut bau congor sih ardi goblok,1
bolot anak alay max biduan kebo parah sebal suka bikin marah marah mesum bau pedean semangat,1
idiot banget sih bang luk uniform resource locator,1
bolot,1
bolot alias daki,1
hdh cakap cakap bolot,1
cebong buta tuli nyata timpa negeri bela rezim gampang doktrin pidato data indehoi perintah,1
mak lambe monyong bajing diam iya lambe monyong dasar goblokkkk uniform resource locator,1
izin pintu camat politis ai rampok otak e cacing bilang,1
men are sampah wkwk jap daler pahal orang cacat,1
tipu berani bilang uji allah aduh ampun deh bodoh bin idiot orang,1
bambang muka kontol hina ulama gue hajar dasar antek komunis,1
wajah lihat beloon munafik sok pintar sok suci iblis,1
bola main lapang main main congor bapuk,1
haha iya cacat kayak ya otak otak ayam wkwk,1
lihat direct message ah tau gue bolot,1
gue doa budek,1
bima idiot uniform resource locator,1
oi anjir bolot banget gue paham uniform resource locator,1
on gue omelin yel tenang orang gila yel orang barang taruh orang bego dongok sinting sarap bajing,1
spill nama restoran gue tinggal papua amp gue harga pangan mahal mbak goblok cacat,1
gelar profesor palsu lucu nikmat gelar profesor eh bongkar dosen staf gila keburu cinta ilmu ilmu palsu gendeng,1
auti auti autis ya banci autis seram lt,1
habib sinting anonim dengar sakit jiwa uniform resource locator,1
bilang jokowi kacung gue jujur cebonger diam bisu tuli,1
cewek gila sinting freak,1
radio lihat ya bolot,1
sarap nih orang,1
muka monyet,1
orang gila,1
nama bule laku idiot bela sih malu ya anjing bayar sekolah mending comberan bayar maju jual biji kunyuk,1
nih manusia idiot bicara lantur pikir ajar dasar goblok sok pintar,1
mata low picek t lt,1
bicara sarap ketawa ketawa obat habis,1
seungmin idiot,1
gue rela sih tua renta bokong alias barzagli pensiun,1
wakil gubernur 1 tingkah laku pakai kayak anak orang jabat perintah stres kali nih orang,1
cunnnn malaysia bolot habis 5 0 fuhhh,1
spirit mata bibir tipis kayak silit bacot jual kerja becus daerah khusus ibukota amburadul keparat,1
sinting banget nih orang uniform resource locator,1
budek,1
dasar sarap,1
pipis onta lihat wajah,1
kangen gue edan,1
timnas cacat mental prestasi km toreh indonesia ketua mundur o orang edan jabat,1
berisik makan autis,1
presiden muka doang sok rakyat sok asyik motor batang bijak cekik rakyat miskin kaum buruh 2019 ganti presiden semangaattt,1
selamat natal hehe dasar sih admin bolot,1
mungut orang tampang cebong ulama muda,1
rakyat indonesia lihat azab poltak mulut bangkai pelihara,1
jahat anak orang haha kali jahat anak orang suparji ribu kali jahat titit sinting ya,1
agama bilang kafir kafir korupsi peluk islam korupsi bilang oknum dasar bau busuk mulut,1
iya anjir bolot budek,1
pakai jamin peduli bos jatuh kayak first travel booming laku korban tenggelam orang indonesia budek riak nge i,1
cari buka main salah bela idiot,1
ustad bilang jancuk mata picek bilang,1
kerudung sih transgender makan busuk seram laku wajah sundal bolong zaman now,1
bolot,1
agus budek dengar,1
mata picek eyeliner,1
selamat natal hehe dasar sih admin bolot,1
dasar gila,1
maksud domba idiot akun,1
ustad bicara bahasa mbokne jancuk mata picek jamin 100 ustad abal abal,1
mata picek sih babang,1
he sinting ya uniform resource locator,1
orang orang budek tuli pekak tolol,1
budek ya,1
cebonger nih junjung tembak tiarap habitat bisu jemaah,1
wajar sih budek,1
sukmawati bilang suara azan merdu kuping congean budek,1
congor nya dedemit,1
boro boro cacat,1
picik picek,1
gede bacot gede cocot andil dasar mulut bedebah kacung gerombol jomlo akut sakit jiwa,1
oh iya seram ya bang lo sarap,1
orang tingkat benci rezim anggap salah 51 stop kontrak syukur dasa pala peang,1
suka suka gue ekspresi presiden gue pilih nya sadar hater tau edan sibuk tipu rakyat,1
manis manis idiot nih orang,1
budek kayak bolot om kuping nya kotor sepe i hati,1
congor rusak muak orang lihat orang,1
cebong lihat duit pura pura budek tolak lupa lihat budek uniform resource locator,1
priski bolot banget,1
he kontol sok mes rupiah muka kayak memek orang tua kayak monyet agama agama kontol 9,1
manusia produk dungu pangkat dungu akibat lahir dungu otak dungu wajah dungu suka hina dungu,1
dasar muka tai babi tenar agama bawa bawa berani media sosial umat agama nya hina hina marah mudah nya langsung maaf ayo front bela islam buruh cari o,1
bacot gue ulang gue gara gara budek,1
ulama cebong wajah suram,1
gilir berita kayak cebong muncul kolam kemarin presiden hina cebong pura pura tuli bisu nyata cinta palsu,1
gue tau bolot,1
gila ndro pelepasa saham proklamasi merdeka saking pintar rangkai keblinger nih bani onta,1
kelola perkara sistem tiket masuk bromo tengger meru biadab idiot pantek jembat,1
iya picek mata orang gue cantik,1
beda layout picek,1
indonesia lawyers club prabowo serang indonesia lawyers club sukses undang orang gila ahok kalah lupa potong kuping gila gila gila gila gila,1
ah serah lot bolot,1
sasaeng sasaeng your eyes picek a,1
idiot kompetensi bicara kanker uniform resource locator,1
apik jelek urus nek suka ya diam rasah nyangkem maaf nek masak picek masak budek orang,1
idiot tuduh orang kenyataanya sih bela orang rela pakai data bohong edit amp rekayasa,1
mulut bau tai babi bela orde arab pribumi surat pemberitahuan malu ih bacot culik presiden bubar 2030 uniform resource locator,1
waspada ulama jabar tamen sih cungkring muka truk hati dasamuka,1
banget anjir morgan muka lembut iyaaaaa juni muka berengsek,1
budek kayak bolot om kuping nya kotor sepe i hati,1
dasaaaar bolot p luka,1
otak ahok djarot tumpul loyo stres jebol copot ganti,1
cacat lesung pipi cacat sekian,1
mata picek,1
bibir ky congor bebek,1
sepe i diktator diktator otoriter kena rabun ayam,1
boikot indosat sih kuning tai pulsa pagi rupiah 2000 an potong tinggal rupiah 1 harga langgan sepe inya budek taiiiii,1
he he he nya gue malas laden komentar jujur gue kasihan pe anyaan gue 100 idiot nih gue bantu pelan pelan ya biar otak nangka,1
kunyuk muka bacot pikir duduk du dewan,1
sarap der,1
orang orang kayak laknat tangis rakyat pra merdeka kiamat gentayang arwah juang gelisah militan kerja ngawang kosong bolot,1
mantan nyanyi cilik gembrot jelek banget ya salah eh nyata gede cebong kasihan deh pilih calon sombong orang sujud tenggelam,1
cebong dungu kalah gila,1
salah anggar belanja negara gaji sih mulut onta kerja moga allah cepat kasih,1
bolot uniform resource locator,1
muka muka pecun nih,1
cebong dolar pengaruh mata picek ganti presiden 2019,1
bah otak onta sedeng tau ulama mu bicara ekonomi muslim ulang ulang onta somplak kuat ekonomi muslim,1
cacat banget ican goblok,1
modal cocot amplop otak awam amp fan nya rawan radikal kena hukum nge nuhan neraka edan,1
luat orang kedai sombong gaji customer sok muka perangai jaga nak kena,1
iya edan kayak,1
islam nusantara koen kate lapo jancuk mata picek sugik,1
mudah an budek,1
orang gila uniform resource locator,1
cebong kocak muka kayak pantat kodok,1
budek dengar,1
bicara atur bodoh pikun literasi nih jenderal orang habib kena hina pancasila paham mabuk kecubung nih orang,1
ya cacat rupa,1
amin malu ifikat bohong akuisisi saham freeport bohong mulut pantat onta dower,1
hasil revolusi mental cacat mental optimis 2019 ganti presiden,1
sih positif mulut oi badan kayak ikan buntel isi negatif sampah,1
goblok mata picek,1
cacat sih nya,1
lihat direct message ah tau gue bolot,1
alah bacot congor bau,1
caplang pantat panci,1
bicara ndasmu congor sekata anjing,1
cowok usaha lacak perhati gue lantas remeh perhati gue kasih khusus basic cowok bego,0
telat tau edan sarap gue gaul cigax jifla cal licew,0
41 kadang pikir percaya tuhan jatuh kali kali kadang tuhan tinggal orang tua rencana pisah kakak pilih kristen anak ter,0
ku tau mata sipit lihat,0
kaum cebong kafir lihat dongok dungu haha,0
ya bani taplak kawan kawan,0
deklarasi pilih kepala daerah 2018 aman anti hoaks warga dukuh sari jabon,0
gue selesai re watch aldnoah zero kampret 2 karakter utama cowok kena friendzone bro xd uniform resource locator,0
admin belanja po nak makan ais kepal milo ais kepal horlicks cendol toping kau kau doket gerai rozak me uaku taipan 2 kembar baby amp romantika bank islam senawang,0
enak ngewe,0
gue jari gue ukur nyali bacot,0
banci kaleng malu pe anyaan 2 nyungsep koe uniform resource locator,0
ajar ekonomi mesti jago privatisasi hati orang aduh ironi,0
aktor huru hara 98 prabowo si lengser perintah jokowi nyata,0
bu guru enak jablay guru sekolah dasar sih kayak nikmat pecun guru,0
lawan bicara gue intelek kayak otak kencing onta gue hadis nabi sahih kafir kayak tolak ahlun nar,0
pikir ampas banget ya,0
ari bek rapi monyet,0
cowok gantle gantle nama banci,0
alga mnr bom,0
anjing ya gue jarang ambek takut wkwk gue budak cinta,0
noob peluang sakit nya gede sih,0
joko widodo nilai presiden lemah sejarah indonesia jokowi milik modal dukung politik ketidakmampuan perintah hadap situasi ekonomi,0
ajar camat bilah hilir deklarasi anti hoaks amp pilih kepala daerah 2018 damai,0
bandara udara internasional ajati bangun gubernur ahmad heryawan anggar belanja negara perintah pusat insya allah operasi,0
gubernur presiden rakyat ya,0
sih kerja delay mulu setan,0
pintu sorga pintu sorga asli pintu hati modus banget,0
partai komunis indonesia muncul jelang pilih kepala daerah pilih presiden goreng gosong,0
nenek nenek heran cebong bohong,0
islam nusantara produk jil pasar gencar antek jil jil anti arab pro asing almarhum kh hasyim muzadi,0
habis sahur jam 10 si bayi nete kali lemas,0
kak emak suka sipit wkwk,0
laku homo jaman now ngentot live blued gay video gvid lokal hangat uniform resource locator,0
kak gue orang jawa maaf ya gue orang palembang kakak deh ajar aksara jawa kelak ajar budaya palembang,0
pegawai guardian training kayak mentang mentang gue kayak gembel kaos flat shoes dijutekin bangsat malas beli kabur gue matahari,0
para bajing luka lady terima ganjar ratus kali lipat sanji selamat ulang laut jkt48,0
aja tolak berita hoaks sukses pilih kepala daerah wilayah kota,0
presiden ri jokowi kerja nya tulus ikhlas rakyat jokowi,0
edan tuju fabiano,0
lihat beda wibawa wibawa gubernur indonesia masya allah,0
anjir kali lihat orang bego debat pilih kepala daerah kerja serang karakter kecewa on empok silvy and agus debat final pilih kepala daerah jakarta,0
gubernur zaman now gus ipul puti 2 ganjar yasin 1 djarot sihar 2 hasan anton 2 koster ace 1 nurdin sudirman 3 karolin gidot 2 keanekaragaman budaya suku agama sungguh kaya djarot hadap pese a rakercabsu,0
iya islam lokalisasi kristen mas nusantara mas lihat gereja bandung pakai gamelan khotbah pakai bahas sunda jawa huria kristen batak protestan nusantara,0
cipta situasi aman tertib masyarakat jelang pilih kepala daerah 2018 kepala polisi sektor konang silaturahmi tokoh masyarakat,0
positif nse positif respon masyarakat hadap cangkul impor garam impor beras impor jagung impor tenaga kerja impor esemka impor nurl,0
sembahyang adopsi tradisi lokal kerja hindu istilah sembahyang pun lahir tradisi ritus menyembahhyang tunggal shalat sembah all,0
didik bodoh larang bawa agama biar orang islam bayar ahok sadar pilih ahok gila,0
ahok the best abai kaum kampret otak micin,0
sih otak tempurung laden lawan dungu makan hehe,0
pinokio umur 3 2019 ganti presiden,0
cerita silat lae kho merah muda oh indonesia liang ie shen tulis cina,0
benci umat islam,0
provokasi mayat politisasi agama kalah pilih kepala daerah daerah khusus ibukota cebong deskripsi kalah junjung for your information ahok pilih camat wakil etnis mayoritas,0
gue nete,0
wkwk bani lowo,0
takabur lahir kuasa rakyat ulama cendikia iblis makhluk alim amp ibadah atus ratus laknat hasud takabur orang ahli ilmu filsafat failosof mari demo sendi,0
a orang suka konser konser boros,0
makan racun ulama hukum rokok mubah,0
susilo bambang yudhoyono presiden ri 6 khofifah emil masyarakat no 1 bagus khofifah emil nomor,0
kali gue gemar korea pop omong teman teman gue idol gue banci homo,0
suka video uniform resource locator kisah seteru haji bolot amp malih tongtong,0
budaya kafir sungguh islam indah,0
hem hem diam bisu coba rumput goyang,0
setan bisik was was lindung allah qs al a raf 200 fussilat 36,0
ateis sibuk agama orang,0
lengser jokowi bangsat,0
selamat kakak 2019 ganti presiden 2019 presiden,0
bajing homo hati hati hadap anak anak utama kamar mandi laki laki biar uniform resource locator,0
iya cocot,0
budaya indonesia,0
ajar salat a orang asing pecah belah islam,0
x bicara bangkai,0
percaya negara jajah ranah bubar sistem sistem beraja negara negara republik komunis negara negara jaja,0
nikmat bijak usul partai komunis indonesia iya,0
umpama orang cina usir paksa indonesia,0
bunda ngentot yuk,0
cina babi cina maling usir cina hypertext transfer protocol over secure socket layer t co 9y4hiwhjp2,0
karno anti asing beliau jawa coba deh adakan konsensus jawa anti asing pro asing kebo ohannya keliru tutup akun,0
proyek korupsi rezim susilo bambang yudhoyono uniform resource locator,0
wajar lihat tingkah petinggi negeri suka campur bahas indonesia bahas asing kali bicara,0
ab pribadi senang kompetisi positif,0
kitab suci agama bilang om dadak kalap,0
suka tutup mata tutup lihat te utup gara gara sipit,0
muslim nista kitab suci alquran an alquran an suku detik makna faktual umat islam makna sirat fiksi,0
eh kasar kampang,0
bentar gue rilis album the onta si wkwk,0
cebong bang,0
najis banget gue mentwit barusan he,0
transgender anjing uniform resource locator,0
awas bintit intip titit kucing,0
bawel bawa asa bolot bodor wkwk ya deh,0
gue saran bacot maling ayat langsung to the point orang paham riak kafir sesat liberal puja dukun bla blaaa hati puas deh,0
salah target ahok agenda utama lengser jokowi,0
kena tagar panas banget 2019 ganti presiden,0
maju duit goyang kaki pape duit nak maju kat bodoh uniform resource locator,0
huria kristen batak protestan pecah kristen katolik zaman jajah belanda nama kristen protestan kristen katolik pecah huria kristen batak protestan p kali tarutung k,0
baca biar pintar jepang amerika cina utang tau,0
prabowo kalah bantu jokowi citra ratap pilu,0
takut azan iblis,0
goblok bani cebong tukang tipu jilat kuasa gera bayar pakai nasi bungkus propaganda nasi bungkus gagal,0
cebong sewot,0
2 gera tekan kerja keras total tingkat potensi bangsa,0
gubernur djarot mayoritas ai politik dewan wakil rakyat daerah dukung ahok djarot payah ya uniform resource locator,0
rezim rusak sistem sibuk cari cari salah ketemu komisi berantas korupsi alat besok perintah ganti ulang engah selesai organisasi orang,0
orang orang tuding antek asing asing sungguh be epuk tangan,0
anti asing,0
selamat moga kiprah tingkat nasional,0
asyik menang sih ulama,0
ketapang tenaga kerja asing asing kerja usaha masuk pt who tambang bauksit viral pilih presiden kerja era gubernur cornelis wakil,0
anak pecun hobi zina haha,0
bom surat harga syariah negara,0
istirahat presiden momentum saksi telinga mata rapat bentuk pacitan 2003,0
1979 house select committee on assassination hsca temu cacat investigasi laku fbi warren commission hsca simpul tembak laku konspirasi,0
asa genap 1 17 april 2018 gelar hajat pilih presiden acara negara indonesia pilih presiden moga senantiasa jalan aman lancar amin,0
ian pantat,0
orang pintar agama agama nista hujat orang orang bodoh orang maaf lahir idiot harga cipta tuhan iblis pintar licik,0
daftar calon presiden pilih presiden 2019 buka agustus 2018 normatif politikus partai demokrasi indonesia juang paham 2019 ganti presiden,0
sih tolol tau perintah rezim komunis bobrok koruptor pimpin sidang dewan wakil rakyat paya cebong uniform resource locator,0
gue mantan mantan gue sedih pikir tidur lo gue anak berengsek laki laki,0
cina usak bangsa usir tuju,0
2019 ganti presiden konstitusional hak rakyat woiii nih plonga plongo laku otoriter,0
mari wujud pilih kepala daerah kota bengkulu 2018 aman damai cok adem86 98heru,0
serius presiden jokowi islam nusantara kristen nusantara buddha hindu kong hucu nusantara,0
nyata moeldoko bukti istana takut bangkit umat islam,0
cowok jago drasex ngentot adik luvian,0
kroasia kafir tau ajar kafir lupa kapling sorga,0
nya menteri suha o homo,0
gue tau culun takut orang ubah perlahan lahan buruk,0
perang salib raja afrika babilonia peluk kristen tobaco peluk islam,0
kejar setor bangsat rupiah turun,0
moga tindak lapor hadap nista agama adek armando laku langsung ketua front bela islam kh shobri lubis badan reserse kriminal markas polisi republik indonesia gambir jaka a pusat selasa 10 4 13 00 indonesia barat perhaps,0
bangkai hajar,0
onta mati minum,0
uniform resource locator ahok tng was was hidup,0
sul teng ekses akibat sandera hutang cina 2019 ganti presiden 2019 presiden 2019 jokowi ganti,0
6 pride yunani hyper phania angkuh harga sombong kenal hubris vanity harga ubah manusia sombong sombong manusia kutuk mata tuhan manusia cinta,0
be anya tuju hati logika hati tenang be anya logika hati sedih ku cari wasiat beliau tinggal asing asing mata manusia duhai,0
be aji nya komisi berantas korupsi era era komitmen berantas korupsi surat pemberitahuan era susilo bambang yudhoyono,0
admin tolol ai tolol ai tolol orang tolol,0
ayu ting ting goyang hot raffi ahmad nagita slavina kampung norak uniform resource locator,0
video tenaga kerja asing malaysia kutip nyata,0
ppp buru buru tolak wacana pilih kepala daerah dewan wakil rakyat daerah,0
random pagi pagi samper meja kerja pakai bedak sih biar muka bersih istri butek ku pakai air wudhu ku kristen,0
gue kampret,0
memek lonte sodok kontol gede,0
jokowi mundur tutup uniform resource locator,0
bicara mulut sepe i banci beli kaca lihat bro,0
amin racist nada nada ratna sih paiiit nada sih onta nada sih lobang anus takut oi oi habis obat tenang ya,0
tunggu komando imam bejat cabul tai bir bawa ulama dasar banj sempak,0
kabinet beranta pecah belah rezim,0
partai demokrasi indonesia juang menang tekan usaha tambang target proyek impossible lelang murah antek cina ntb contoh partai demokrasi indonesia juang menang dasar bajing,0
percaya mulut buaya mu bawang,0
2019 susilo bambang yudhoyono prabowo lawan mega jokowi peristiwa 2004 ulang partai demokrasi indonesia juang incumbent kalah mutlak susilo bambang yudhoyono jokowi mega susilo bambang yudhoyono lawan prabowo mk pilih presiden selesai 3 poros pilih presiden mk salah lawan,0
kayak banci kaleng gatot gaduh gentleman mundur saing pilih presiden 2019 lawan jokowi,0
bebal,0
5 indonesia negara populasi muslim dunia islam rupa musuh barat amp komunis hambat agenda obviously,0
umuh persib persib kunyuk,0
film muslim pilih ahok mati salat jamin laris,0
banu banu yahudi beda banu banu kristen suriah salah beda banu yahudi pakai eloah elohim yahwe suriah pakai alah allah,0
eh muka merah merah cendol setan cuaca nih panas,0
berita saracen diframing katak tim prabowo anies sandi media tumpah sakit hati katak cebong ehe,0
giat bhayangkara bina aman tertib masyarakat brigadir polisi manajemen bas sekolah sihombing rabu 11 april 2018 laksana sambang desa tatap muka pantau aman tertib masyarakat tuju pilih kepala daerah 2018 desa lobusiregar i rumah rudi panjaitan helm siahaan hotman siahaan,0
sayang banget ya lihat perempuan kayak status tempel laki laki aduh nagita slavina blak blak ayu ting ting kampung viva uniform resource locator,0
lupa kang umat katolik minoritas perhati gubernur golong golong,0
cebong bilang kemarin eyel situ paksa cebong,0
lemah gerindra orang prabowo turun elektabilitasnya congor fadli zon surat pemberitahuan durno,0
selamat kakak kali raya makna kali,0
foto bisu milik a i susah ikan sepe i susah ikan putus,0
wkwk alam muncul grub wa a bani abdi had a k a mbah mek kenal orang,0
ayah pres badar nuqaba boekkk nih hebat bidang agama x takut natural killer tegur member lawak hambar lawak orang jom gerak gera badan chubby,0
orang anak pekan ilham dasar ekonomi deb gerak utama maju ekonomi bandar beliau allah ya rahman tun abdul razak ds malaysia pilih hogohundi,0
haha sialaaan nih sih nyata lapar presiden sikat,0
nasihat kali ugal ugalan nih rezim eh negeri keburu hancur ekonomi moral meni kacaoooooo,0
alah silit kebelet kasihan orang sayang media sosial gue sadar instansi kemarin gue cerita duuuhhh,0
iya cacat,0
2019 rakyat makan aspal beton solusi jitu miskin ahli cebong 1 tukang tipu cebong goblok ketulungan plonga plongo akibat optimisme 2019 ganti presiden,0
baca harun yahya belot kubu yahudi freemason nya kadang suka percaya,0
maju ulama gerak tokoh agama indonesia gus mus,0
,0
mukidi percaya pe anyaan mudah ya keras keras nama,0
kemarin hujat harap dasar bani kampret,0
fitnah sila ban apollinaris darmawan al alquran kitab sampah,0
monyet koloe bilang saudara ogah hidup ya hati comberan,0
body lufra scrub bahan dasar lidah buaya melembabkan kulit amp cahaya info 087812026394 body mass index,0
cacat,0
anut bumi datar teori bumi bulat orang asing notabene musuh,0
becak warga binjai sita tenda be uliskan 2019 ganti presiden partai adil sejahtera radang bukti perintah panik takut,0
jokowi mundur,0
musyawarah nasional alim ulama ppp semarang hasil rekomendasi syarat kriteria kriteria calon wakil presiden damping jokowi 2019 romahurmuziy,0
cerah nya gagal anak ekonomi wkwk,0
kafan budaya yahudi umat islam klaim,0
rezim kendali negara cina komunis patron tunggal rezim anti islam jokowi,0
tanda nya pilih kepala daerah pilih presiden,0
misi 4 bangun masyarakat gotong royong toleran harmoni selaras nilai budaya jawa barat luhur nomor jawa barat asyik asyik menang,0
tabah pasang taufik puan nurliyana wajar contoh jom sumbang ringan beban pasang come on twitter do your pikir badan standar nasional 0510541000096745 bank islam 05058020145124 nurliyana bosan abdul razif,0
sih tai doang belaganya langit karma idol flop gue tertawa keras,0
celeng kangen gue iya,0
rang negeri budaya yuk unjung purwoke o mumpung even rakyat purwoke o ekstra vaganza banyumas,0
presiden dana taktis rakyat program program perintah program bangun infrastruktur kip kartu indonesia sehat ifikat tanah hutan sosial bahan bakar minyak 1 harga padat karya,0
amin ya allah tim latih ular rawa rawa sungai gede musuh buaya wkwk,0
maju maki mama bolot,0
gentar takut hadap kafir,0
saracen akun kritis anggap saracen aneh jokowi,0
bego teman gue najis kesal gue,0
kafir kristen ulah,0
tau bau bau cir sipit buluk,0
kayak pegang mucikari,0
guru tk darma wanita desa plumbon porong deklarasi anti hoaks benci isu sarah dukung pilih kepala daerah damai,0
anjir seram main,0
kayak bank te entu bilang jual uang asing tukar rupiah,0
onta yaman nih gue depo asi,0
hati hati berita pilih kepala daerah bau hoaks madiun madiun today 100thmadiun kotak karismatik madiun tolak cukai ilegal kunjung,0
anak cocot ya,0
udah hoaks ya fahri ambil berita tuyg tong sampah ambil screenshoot tau berita,0
mantap direct message baris serba bang,0
nyata lebah suka bunga makan bangkai gue penasaran madu nya kayak,0
indonesia mundur bentuk,0
dongok bilang hacker haha,0
haha blunder cebong protein energy malnutrition pusat alas ham rakyat aceh ya kali coba perintah bilang suruh hukum islam kaffah aceh dewan wakil rakyat a,0
bangsat gue selam 1,0
pancing pancing urus nista bicara paham fiksi kitab suci,0
cebong kacung teman gue dungu tulang sumsum buang buang energi debat,0
ai korupsi sapi goblok,0
sinyal kontol pelihara niat sih login twitter doang susah open redtube setan,0
mata kafir wkwk,0
facebook anjir lupa,0
sih bilang alah kontol,0
nikita mirzani pakai hijab bicara cebang cebong fantasi uh ah cokorers,0
tatap alih arah enggan tatap pria curiga pe kali gaduh suasana angie temu orang pria asing tidur sofa sepe i,0
lahir kembang gera komunis indonesia pisah buah organisasi nama indische sociaal democratische vereeniging,0
shaheizy wajah baharu calpis,0
ya serah balas fokus kerja kerja tugas proyek seni budaya 2 langsung kumpul presentasi syukur nilai muas proyek,0
bro,0
laku bodoh masuk kategori senang laku sontoloyo menganggu bangsa laku naif langsung bentuk intimidasi hadap ulama laku,0
monyet turun mukim warga cibadak sukabumi uniform resource locator,0
kotor bahagia warga cebong nge i,0
giveaway taplak meja menang the rich chenle,0
buka busuk kubu anies sandi menang berkah uniform resource locator prabowo usaha cuci tangan,0
wkwk bodoh bang,0
kayak orang bego bro b ego,0
menteri lingkung hidup hutan upaya perata ekonomi tora kawasan hutan hutan sosial tribun medan,0
mahfud md allah subhanahu wa taala berang bangsa ajak buang islam,0
orang orang bego minum amp makan kotor onta otak nya somplak,0
kuak strategi kampanye tim menang anies sandi uniform resource locator,0
warga badui selesai tradisi seba pendopo perintah kabupaten lebak be emu gubernur banten wahidin halim sabtu 21 4 seba baduy 2018,0
lembaga lembaga anti korupsi bubar sentuh kuasa gilir komisi berantas korupsi partai demokrasi indonesia juang ai politik kuasa pulang otot bubar komisi berantas korupsi,0
mas sudut salah agama t entu bahaya rocky cerdik susun kalimat amp inti kasih tau pnge ian fiksi ayo mas nya i,0
dukung calon presiden gagal pindah on sibuk urus asing bawa kabur uang rupiah 35 t sadar asing kabur bawa uang dukung pribumi anjing mustahil asing pribumi diam sogok mental kacung uniform resource locator,0
bismillah tahan sepo kutuk,0
brahahahaaa cebong nya ahoker cebong cebok,0
update status bikin tugas tugas selesai ya jancuk jembut,0
muslim jabat negara be indak bangsa negara,0
12 ikan sembuh sakit selamat bagus laik jual pisah seleksi ikan cacat permanen pelihara sehat ikan ncc,0
a inya pribumi sadar lihat kecuali cina komunis misionaris abai twit usir cina indonesia,0
presiden tuduh rezim anti islam negeri umat uniform resource locator,0
manusia bangsat,0
ya cina kenal wisata haram indonesia haha,0
prabowo partai adil sejahtera bib asyik anggap antek prabowo antek partai adil sejahtera hidup dramatis,0
sahabat salah lovren bukti beda suku agama ras halang bina hubung umat manusia beda warna jalin pe emanan terima kasih lovren salah favorit best friend forever bro,0
lae turun turun ideologi partai komunis indonesia lekat jiwa,0
kesal rokok motor iya kadang pengap tutup macet,0
maaf kunyuk bro enak banget rasan sebar hoaks maaf sebar hoaks maaf mesti sapu biar jera nih orang uniform resource locator,0
halo warga jaka a wakil kepala dinas tanam modal layan padu pintu provinsi daerah khusus ibukota jaka a denny wahyu haryanto wakil wakil gubernur provinsi daerah khusus ibukota jaka a buka acara 2018 junior chamber international jci indonesia nasional event setiamelayanijaka a,0
2 kuat jaring gubernur tekan kuasa state of the a knowledge a bahasa rantau indonesia,0
pandang tuan guru bajang hadap agama politik,0
sedia berengsek,0
susilo bambang yudhoyono presiden ri 6 khofifah emil masyarakat no 1 bagus,0
dungu orang ganti presiden tau mikiiiir,0
bokep cewek bispak bandung ngentot crot unduh full uniform resource locator uniform resource locator,0
kampret complain raga tanggap fuck,0
kayak jablay grand theft auto jemput pakai mobil,0
lihat memek tante,0
kerja musuh dakwah islam bubar hati rakyat hak lengser jokowi kodok tukang citra,0
ha lengkap orang bukti goblok sih,0
tidak salah orang khalifah rasyidin kami rang orang kafir kalau orang orang munafik tidak orang munafik,0
suka nete uji nasional maklum,0
nek lihat match chelsea sih menang mudah manchester united iya embuh sih chelsea kacrut ki prediksi,0
ya kali tentara nasional indonesia suruh urus sampah plastik,0
khawatir manuver politik bijak laku rezim moga negara republik indonesia cinta amin,0
madi arya lapor rocky gerung polisi serius kitab suci fiksi rocky nyata salah hina tunggu anut agama a anggap kitab suci,0
bajing tengik,0
pakai buruh cina rakyat anggur dasar rejim kodok,0
,0
rupiah haneul cute pacar perek on retweet,0
bilang anti asing asing tau wkwk,0
suriah sekolah radikal rakit bom pulang indonesia ya aman,0
kadang hidup kayak tai kadang berak orang beres tainya tangan iya,0
ih banci selotipan,0
haha kalah nih iya orang jahat kalah,0
gubernur zaman now gus ipul puti 2 ganjar yasin 1 djarot sihar 2 hasan anton 2 koster ace 1 nurdin sudirman 3 karolin gidot 2 keanekaragaman budaya suku agama sungguh kaya djarot hadap pese a rakercabsu,0
cinta orde meng idola prabowo amp hary tanoe,0
belah duren ya dungu ya cebong maaf ya,0
2 orang orang yahudi nasrani al kitab taurat injil kenal muhammad,0
bubar hati amp front bela islam uniform resource locator,0
ahok verbal keras lampias lari lelaki lunak,0
teman teman kantor langgan cadar langsung bilang awas bom hela nafas,0
pantat nih tusuk tusuk open bo wa 08157686707 gay berondong massage boy gayjaka a gay yogyakarta gay tangger,0
ancam bunuh presiden republik indonesia mas mesti lapor tegak hukum be indak ancam bunuh kepala negara,0
kayak orang nyosor nete,0
ngewe,0
jebur cebur,0
partai adil sejahtera ulang balai kota rr bicara calon presiden balai kota ganti nama balai politik,0
rencana seret adil ham pbb uniform resource locator,0
bijak barang konsumen laku barang rusak cacat produksi konsumen puas produk hitung 7 tanggal beli haus mini quiz hazid kunyuk,0
kisah hidup muhammad lengkap unduh,0
jajah bumi indonesia hapus jajah ekonomi budaya hasil bumi cina basmi negara republik indonesia usir,0
we pipis onta cecer mari bau pesing,0
teriak lantang pm h pro asing pas tawar bantu asing bikin posko inti kompor keluarga korban pm h bilang 15 3,0
mari juang jokowi lantik 2019 gentar takut mata benang leher ujung tombak perut surut langkah bisu suara,0
kayak monyet,0
survei metro televisi jokowi menang presiden hitung ya 45 kalah 46 salah judul maksud jokowi menang sumber zie bajrie,0
,0
cuba tegak anime nih karakai jozu no takagi san nak feeling feeling cinta monyet zaman sekolah throwback habis 9 10 uniform resource locator,0
seru pesta budaya derau kuta kakak anegara,0
kontak retweet ya banget kenal tante jilboobs sange nini nama tante dea o,0
debat publik ajang bukti pintar ruang akademik pamer indah orang kuat lemah egosentris nama kuat tahan l,0
duduk istana negara lengser jokowi salam,0
hebat sibuk citra baca nih,0
muslim hina iblis betina nista syariat,0
baby kafir buddha teroris myanmar,0
indonesia merdeka indonesia jajah orang cina takbir allahu akbar uniform resource locator,0
politik hanta yudha pasang calon no 2 nya jawa jawa gayeng 2019 jokowi,0
