Tweet,HS_Race
partai komunis indonesia muncul jelang pilih kepala daerah pilih presiden goreng gosong,1
provokasi mayat politisasi agama kalah pilih kepala daerah daerah khusus ibukota cebong deskripsi kalah junjung for your information ahok pilih camat wakil etnis mayoritas,1
nikmat bijak usul partai komunis indonesia iya,1
umpama orang cina usir paksa indonesia,1
cina babi cina maling usir cina hypertext transfer protocol over secure socket layer t co 9y4hiwhjp2,1
sih tolol tau perintah rezim komunis bobrok koruptor pimpin sidang dewan wakil rakyat paya cebong uniform resource locator,1
cina usak bangsa usir tuju,1
rezim kendali negara cina komunis patron tunggal rezim anti islam jokowi,1
tau bau bau cir sipit buluk,1
dukung calon presiden gagal pindah on sibuk urus asing bawa kabur uang rupiah 35 t sadar asing kabur bawa uang dukung pribumi anjing mustahil asing pribumi diam sogok mental kacung uniform resource locator,1
a inya pribumi sadar lihat kecuali cina komunis misionaris abai twit usir cina indonesia,1
ya cina kenal wisata haram indonesia haha,1
pakai buruh cina rakyat anggur dasar rejim kodok,1
jajah bumi indonesia hapus jajah ekonomi budaya hasil bumi cina basmi negara republik indonesia usir,1
baby kafir buddha teroris myanmar,1
indonesia merdeka indonesia jajah orang cina takbir allahu akbar uniform resource locator,1
yahudi bangkai jerman ibadah,1
hoaks kodok biawak roket sekop bangsat karbitan munafik 2019 ganti presiden 2019 presiden 2019 tenggelam jokowi sungai siak,1
sih royson jokowi kacung gue alas fundamental rezim sepe i sengaja masuk debt trap komunis cina north sumatera offshore wajib 2019 ganti presiden,1
waspada cina komunis indonesia,1
cina hak larang,1
komunis abad partai komunis indonesia kecoak makan kecoak,1
hajar ganyang partai komunis indonesia uniform resource locator,1
masyarakat tionghoa pancasialis orang jawa ekspos contoh nyata kwik ekonom ustaz felix siauw,1
cina cina usir ya rusak sih kerja,1
ayo bangsa indonesia sih etnis cina ahok,1
cina kafir bangsat dasar komunis,1
jenderal propaganda perang propaganda jual utama partai komunis indonesia cina,1
partai komunis indonesia ramai ramai antek komunis opini nyata abur bangkit partai komunis indonesia,1
usir pasang asing cina selamat hutan,1
muncul antek antek partai komunis indonesia berani muncul terang terang mudah mudah perintah tinggal diam uniform resource locator,1
cebong badut nya cina kipas uang receh galak main x,1
cina non muslim bantai sih cina usir,1
moga etnis cina indonesia duduk perintah kayak singapura,1
indonesia jajah cina,1
marak orang sipit masuk indonesia alih hati lah syiah ah rafidhah biang kerok ronta kudeta negara muslim ahlusunah dunia,1
jago bakar isu partai komunis indonesia komunis,1
anak anak partai komunis indonesia muncul jejak,1
ganyang partai komunis indonesia mari dukung prabowo 2019,1
etnis cina juang khianat antek belanda,1
jongos cina merdeka indonesia cina kasih,1
tenaga kerja asing cina manja,1
indonesia ambil alih cina boikot produk cina,1
monyet komunis tolol,1
jend suha o 1965 nasib bangsa indonesia negara komunis ateis,1
hati hati orang orang kader gus dur pribumi antek cina pasang rezim keprek,1
bijak indonesia be entangan cina,1
usir buddha myanmar kacau sepe i myanmar,1
masif cina antek komunis uniform resource locator,1
isu partai komunis indonesia hembus grup grup dukung prabowo,1
ya waspada antek komunis pintar kamuflase,1
monyet komunis piara cina loleng,1
antek partai komunis indonesia simpatisan proxy cina komunis benci tentara nasional indonesia panglima wajar merek,1
bising cina cina nih,1
pahlawan juang susah payah korban jiwa raga usir jajah eh biar negeri jajah cina mudah,1
hebat nya teriak antek cina,1
panas partai komunis indonesia,1
palestina antek asing,1
sumbu pendek jokowi koalisi negara partai komunis indonesia jokowi partai komunis indonesia lengser jokowi pusing hamba,1
laku batak kafir ya sepe i sih suka pecah belah umat,1
ganyang partai komunis indonesia bese a antek antek,1
10 orang kaya indonesia 1 5 orang indonesia orang cina keri indonesia kayak singapura pribumi usir,1
guru aji bilang main sepak bola sepak bola olah raga partai komunis indonesia ejek antek komunis,1
usir jajah cina bumi indonesia,1
anak sih napi cina kafir usir,1
ha dasar cina hitung,1
butuh presiden ganyang partai komunis indonesia anti partai komunis indonesia,1
akibat makan gaji duit korupsi bantu likuiditas bank indonesia laku tokek tokek cina otak cebong dungu tenaga kerja asing cina fiksi fakta anggap isu fiktif hancur negara jual,1
modus sindikat cina tipu uang rakyat indonesia usir cina indonesia,1
aksi dukung pilih presiden suara nada pribumi rakyat indonesia buzzer 2 bayar cina,1
antek antek zionis komunis,1
usir cina negara republik indonesia,1
orang cina bebas sih mukidi ahli cebong 1 tukang tipu cebong goblok ketulungan plonga plongo akibat optimisme 2019 ganti presiden plonga plongo dunning kruger effect,1
antek komunis nya teriak huuuu taufik ismail hafizhahullah uniform resource locator,1
bawang putih orang kafir cina paham komunis awas bawang putih tar bikin negara indonesia,1
korban rezim komunis angka tanggung tanggung 100 juta darah manusia cecer paham halal,1
tionghoa kayak putus sekolah dugem,1
negara jual hebat lek jokowi negara keteng kuasa perintah negara calon pegawai negeri sipil khusus sinamata sipit perkosa negara khianat dasar partai komunis indonesia,1
khianat negara republik indonesia komplot putus rugi negara tenggelam komplot moncong babi antek partai komunis indonesia,1
ganyang partai komunis indonesia kuat tenaga,1
owo hidup nafsu presiden muncul isu partai komunis indonesia komunis anti islam antek cina puter puter situ,1
janji deh janji puluh juta lapang kerja rakyat tenaga kerja asing cina miris,1
kafir partai komunis indonesia samar islam jelek jokowi kafir partai komunis indonesia,1
bicara era habibie susilo bambang yudhoyono hidup tenang percaya isu rasial era khawatir tenaga kerja asing republik rakyat cina masuk masif isu rasial percaya,1
uhuk partai adil sejahtera antek komunis uhuk,1
indonesia beijing usir cina,1
turun langsung lapang sungguh jongos cina duh,1
partai demokrasi indonesia p mega bangkit komunis,1
kampret bilang jokowi antek cina kasih medali emas cina,1
teriak teriak partai komunis indonesia ganyang salat aji tuhan partai komunis indonesia uniform resource locator,1
partai komunis indonesia ya angkat darat gerak massa anti jokowi isu isu anti agama komunis,1
tuju musuh teroris buddha myanmar biksu amp militer nya borobudur waris leluhur uniform resource locator,1
akun komunis,1
partai komunis indonesia partai demokrasi indonesia p bubar partai demokrasi indonesia p,1
ms kakak ban tanah jaka a 87 persen asai cina,1
partai komunis indonesia biadab agama candu masyarakat agama lawan feodalisme amp kapitalisme agama hai bajing rendah anggap orang agama ala,1
jaman daerah khusus ibukota main isu cina kafir cina kafir keluarga sih ono silit eh sulit,1
tenaga kerja asing cina berani leceh bendera merah putih diam tenaga kerja asing cina arogan kuat dukung rezim kuasa mudah tenaga kerja asing cina masuk negara republik indonesia jajah,1
badminton putri indonesia kalah jepang cina main lepas gampang serah komunis enak,1
kerja cornelis tionghoa stres gila,1
1 oktober sakti pancasila pancasila versi arah komunis rezim diktator anti islam,1
matanajwadebatjaka a lucu banget ahok sambung kena sekak mat pe anyaan isu agama dasar cina tolol haha,1
harga pribumi minimal laku sopan tamu sejati ampas hak pribumi stop tenaga kerja asing cina 2019 ganti presiden,1
ayo gelora 2019 ganti presiden insya allah sejahtera komunis lenyap,1
takut ganyang partai komunis indonesia bahaya embrio iblis kembang biak,1
haha antek komunis kelojot jelang 30 september kecebong anak partai komunis indonesia,1
usir nih cina ki gila pamungkas bui gara gara anti cina cina tumpang negeri uniform resource locator,1
tuju partai adil sejahtera partai komunis indonesia partai komunis indonesia persis sepe i partai adil sejahtera gaet golong akar rumput isu isu agama partai adil sejahtera ai komunis syariat,1
ganyang partai komunis indonesia kumpul keripik indonesia uniform resource locator,1
cina negara komunis anti islam sesal rezim hutang negara komunis,1
negeri om kerja jongos cina doang kerja subuh malam gaji pas pas kayak cina,1
bawa nama islam partai komunis indonesia ai komunis syariat,1
hubung ai komunis cina rezim antek antek asing,1
monyet komunis tolol,1
teroris kafir buddha myanmar,1
imigran tinggal myanmar 1948 imigran cina usir indonesia atur main,1
antek komunis film gera 30 september partai komunis indonesia isi bohong uniform resource locator,1
teroris buddha myanmar tembak perahu tumpang anak anak,1
cina masuk salah ras indonesia beda singapura,1
nama perintah revolusioner republik indonesia susah gampang partai komunis indonesia,1
laku psi laku indonesia rakyat psi agen komunis,1
ganyang partai komunis indonesia anjing uniform resource locator,1
sejarah partai komunis indonesia antek komunis sok siksa uniform resource locator,1
perintah negara komunis pancasila be uhan peduli amanat derita rakyat,1
perilaku cina sp penghianat bangsa yoyakarta warga cina kelas pinggir sertifikat hak milik dasar cina keparat,1
pilih cebong liberal tengik sekularisme gelintir antek,1
takbir ganyang partai komunis indonesia,1
indonesia damai usir cina indonesia,1
lawan usir duta myanmar boikot urus buddha,1
cina babi komunis anti agama utama islam bikin ribut indonesia,1
biadab ahok cina kafir rakyat asong asong gusur gusur aniaya surat pemberitahuan teroris ahok kafir biadab,1
buku jokowi undercover susilo bambang yudhoyono dukung jokowi pilih presiden 2014 rahasia kotor korupsi pegang cukong cina,1
kalah suha o prabowo lawan opini 1998 libat konspirasi global as cina sekutu dukung rencana csis elite katolik radikal konglomerat tionghoa jatuh suha o,1
siloam cina usir andai ku mati anak anak ku paham filosofi hidup harga kaki jajah,1
ngeri bangsa sih partai komunis indonesia biadab bangkit tolak bubar,1
i tulis kad raya cina ellooo,1
antek kaki tangan komunis hati perut uniform resource locator,1
khianat partai komunis indonesia bunuh jenderal partai komunis indonesia keblinger karno bubar partai komunis indonesia turun harga harga bubar kabinet tritura,1
cina kuasa ekonomi media massa ayo usir indonesia,1
usir cina indonesia,1
jaga jaga muncul partai komunis indonesia juang alias partai komunis indonesia plus,1
kupas tuntas gebuk habis antek antek komunis,1
coba usir cina 100 rakyat negara republik indonesia gembel negara republik indonesia kayak asing asing triliun uras negara republik indonesia stop tolol,1
betapa biadab teroris buddha myanmar uniform resource locator,1
tragedi 98 nyata salah upaya komunis prabowo,1
ngawur nih rezim indonesia cina nih negara,1
partai demokrasi indonesia juang mega bangkit komunis,1
beda paham kulit tangkap sih cina,1
anjing komunis tolol,1
orang mang salah pilih kalah menang rezim sengsara rakyat komunis,1
orang kiri komunis sosialis marxis mental khianat ajar anti agama buang banding nya 1 99,1
bangga anak partai komunis indonesia gebuk partai komunis indonesia wkwk,1
rezim sekretariat jenderal komunis vietnam gelar karpet merah istana,1
demo teroris botak myanmar arah nya turun jokowi,1
indonesia terjemah cina,1
banteng ngeri sarang komunis,1
usir cina negara republik indonesia warga negara indonesia turun cina skrining,1
myanmar kafir buddha teroris,1
ganyang partai komunis indonesia,1
media milik cina ya usir biang pecah,1
memble up jokowi media media televisi koran milik orang orang cina notabene kafir coba cek lapang,1
gila ya rezim jongos cina,1
dungu bong bangsa cabik cabik tinggal pungut sampah kayak dasar mata sipit,1
ai partai komunis indonesia indonesia pe nama ajar cina rusia partai komunis indonesia penghianat pancasila,1
logis ya pesan ahoker maaf on warga daerah khusus ibukota bego,1
nih ai nyata percaya isi jongos cina komunis,1
tonton bareng film gera 30 september partai komunis indonesia bubar rekam simpan partai komunis indonesia,1
janji jokowi 10 juta lapang kerja nyata tenaga kerja asing cina,1
kaum sipit kuasa tambang indonesia tertawa dasar nasionalisme indonesia pilih dukung 2 periode hasil tambang indonesia asai sipit,1
mari awas keliling jelang 30 si aktivitas antek komunis lapor ulama tentara nasional indonesia ganyang partai komunis indonesia,1
when tumblr tiktok telegram are blokir by the government salah orang blokir aplikasi menteri komunikasi informasi goblok when a zionis kills one palestinian dasar yahudi amp boikot israel beli produk kafir,1
mari rebut posisi kerja lokal tenaga kerja asing cina kendali mayday 2018 buruh 2018 2019 ganti presiden ganti presiden 2019,1
komunis zionis yahudi,1
malam ganyang bakar bunuh partai komunis indonesia,1
anjing komunis nista islam,1
cina babi bikin rusak indonesia bantai,1
monyet komunis dungu sekebun,1
selamat pagi antek antek komunis,1
inti dukung prabowo partai komunis indonesia,1
komunis anti agama,1
kivlan rekan jerit jerit komunis hidup,1
rezim rezim komunis tanda tanda nya sepe i arah kesana ya,1
ya inti dukung prabowo cap partai komunis indonesia,1
presiden indonesia jongos cina komunis kaya antek antek cina gerombol buddha teroris sokong cina racist,1
isu isu partai komunis indonesia muncul hubung pilih presiden bentuk kampanye murah,1
anti cina komunis antek asing kapitalis rakus zionis suara enak enak ngentot ya,1
te arik lihat koruptor bantu likuiditas bank indonesia laku laku taipan bina komunis cina mitra nya megawati sp,1
monyet komunis,1
partai komunis indonesia kali susup acara min massa teriak ganyang partai komunis indonesia,1
ganyang partai komunis indonesia rakyat indonesia dukung uniform resource locator,1
partai demokrasi indonesia juang menang kaum sipit kuasa tambang indonesia tertawa dasar nasionalisme indonesia pilih dukung 2 periode hasil tambang indonesia asai sipit,1
suka teriak pancasila indonesia komunis cina antek antek,1
fakta cina cina parasit otot bela sih nista agama,1
maksud indonesia mayoritas muslim suruh pilih pimpin cina non muslim ya,1
haha pilih kepala daerah dasar polisi made in cina lindung nista agama,1
ganti demokrasi pancasila demokrasi partai komunis indonesia be uhan bebas zina minum keras lgbt partai komunis indonesia indonesia,1
cina bicara cina orang islam rohingya usir buddha myanmar kampret,1
partai komunis indonesia now partai adil sejahtera front bela islam hati huh saracen bayar demo demo fitnah provokasi sara jokowi ahok bayar o susilo bambang yudhoyono prabowo hati thread starter isu istana pro cina partai komunis indonesia anti islam,1
malu malu sok orang kaya nihil prestasi kena denda malu banget dasar cina ky,1
tuduh cina bawa flakka indonesia rusak generasi muda indonesia,1
coba larang ateis republik nista noda leceh perkosa ajar agama haha sanggup adu argumen generasi sains canggi dunia tuhan dasar melayu goblok,1
ya jongos nya sipit,1
biar jokowi semangat gebuk partai komunis indonesia muncul,1
ki gila p titis jayabaya ri undang undang dasar 1945 usir cina,1
ganyang partai komunis indonesia ber intelligence quotient 200 uniform resource locator,1
indeks demokrasi turun indeks komunis partai komunis indonesia otoritarianisme,1
bilang komunis bilang antek amerika anut bumi datar kayak tonton televisi baca korea utara musuh us,1
bunuh partai komunis indonesia anak balas dendam usir komunis cina reklamasi,1
kaum fasis agama main lagu suka ganyang partai komunis indonesia,1
usir duta myanmar negeri kasih umat buddha tawar imbau henti siksa umat islam,1
perintah jalan hubung mesra negara cina komunis,1
diskusi bilang bangkit partai komunis indonesia bela partai komunis indonesia paksa tuduh antek komunis,1
haha ru kacamata cina kafir bro merek ahok hoook,1
pro komunis indonesia komunis uniform resource locator,1
bagus partai komunis indonesia partai komunis indonesia bubar organisasi larang,1
kenyataanya juta rakyat asli pribumi miskin miskin ahok cina kafir,1
fuck orang myanmar noob sial main ml fuck,1
bagus bang usir negara republik indonesia myanmar juluk negara buddha,1
bang hancur bang musnah cina babi bumi pe iwi indonesia kedok reklamasi ahok,1
buddha radikal lindung usir duta myanmar save rohingya pray for rohingya,1
gangbang babi sipit nya mangkal cung hihi,1
perintah anti kritik perintah anti islam perintah antek partai komunis indonesia perintah antek yahudi alas bikin aksi tai banget,1
habis habis bang usir kafir cina nusantara racun akidah tukang sogok kristen lacur minum keras kafir anjing,1
cina gelontor dana filipina perang marawi uniform resource locator uniform resource locator,1
nomor koruptor negeri korup asuh cina babi uniform resource locator,1
hidup cina komunis hypertext transfer protocol over secure socket layer t co b1rhevkrxl,1
serbu tenaga kerja asing cina polisi selundup senjata api hmmm ya uniform resource locator,1
eh proyek nya cina garap putra putri indonesia uniform resource locator,1
kabinet jongos cina,1
ganyang partai komunis indonesia darurat partai komunis indonesia,1
minoritas te indas indonesia cina bahagia,1
usir cina jongos jongos indonesia damai,1
44 gerombol rizieq front bela islam main isu perintah jokowi pro partai komunis indonesia,1
peluk agama buddha indonesia 90 etnis tionghoa cina nya taipan taipan jajah indonesia,1
partai komunis indonesia gaya jokowi antek komunis,1
2 analisa kait 1 susup komunis 2 antek jenderal tua kuasa negara,1
voting malingsia cok jancuk partai komunis indonesia,1
kampret kasar bandit negara republik indonesia orang cina usir rakyat indonesia biar tau,1
a inya kecebong antek komunis,1
data negara gara komunis rezim komunis nyawa rakyat gratis,1
sadis postingan victor bodoh jokowi ahok social media volunteer kecebong kecebong istana jongos cina jamur polisi,1
iklan ahok jahat teroris nyata indonesia wahabi onta babi babi milik cina tebar teror sungguh,1
10 susilo bambang yudhoyono isu partai komunis indonesia cari 3 jokowi simpatisan partai komunis indonesia sp i emas uniform resource locator,1
dukung jokowi 3 pribumi bera i jongos cina penghianat bangsa 4 komunis,1
usir duta myanmar indonesia tanah air negeri haram saudara umat buddha uniform resource locator,1
kacung kacung bela majikan cina keparat proses hukum kacung cari muka,1
suu kyi antek komunis sindir suu kyi dute e menang nobel damai,1
agama islam hidup enak cina hidup gelimang a uniform resource locator,1
karno khianat partai komunis indonesia partai komunis indonesia mayoritas orang jawa partai komunis indonesia bantai o jawa jokowi wakil suara mayoritas jawa pro asing,1
sih kapitalisme haha dasar antek antek komunis,1
gubernur pribumi ya 2019 ganti presiden,1
ragu ganyang partai komunis indonesia,1
sih ahok cina anjing kafir nista agama islam,1
cina anjing hypertext transfer protocol over secure socket layer t co zm1bsjaiha,1
oh antek nya komunis,1
orang turun cina gubernur indonesia bicara orang padang presiden singapura,1
tau malu nih cina angkat kaki istana,1
anak partai komunis indonesia pro syiah antek asing diktator komunis bijak neoliberal,1
bunuh orang ahmadiyah syiah partai komunis indonesia ya,1
antek komunis teriak komunis,1
si babi cina biadab laku kaum pribumi surat pemberitahuan baris serba nu nusantara dukung timpang biadab,1
antek cina percaya komunis sp orang musuh bantai muslim uniform resource locator,1
katak ge er isu jatuh rezim isu kerja intelijen konter gera komunis,1
partai komunis indonesia bangkit,1
partai komunis indonesia rusak islam bahaya,1
antek komunis yayasan lembaga bantu hukum indonesia main main korban,1
matanajwadebatjaka a sih cina babi ahok banget sok pintar banget ahok,1
asing bajing surat pemberitahuan ahok bese a kroni nya anti,1
putar film nya deklarator ai komunis indonesia nama ketua nya komunis cina soviet,1
buah negara coba asai komunis,1
tokoh gus dur presiden warga cina warga negara indonesia nya indonesia mw kuasa cina,1
jajah cina jajah arab atur jual negara as biar bacot langsung tebas sok suci munafik orang koar koar dank,1
warganet jokowi diktator jokowi pro cina jokowi pro rakyat,1
mayoritas etnis cina daerah khusus ibukota solid dukung nista agama islam dendam nasionalis,1
kayak komunis harga jasad manusia cebong komunis,1
rejim partai komunis indonesia lengser jokowi pimpin tukang kriminalisasi ulama,1
ayo bangsa indonesia sih etnis cina perompak aset negara,1
kejar setor cina djarot lengser rezim jongos cina bahaya bangsa negara hukum undang undang konstitusi labrak,1
cina benalu negara republik indonesia,1
ingattt cina komunis antek asing rezim,1
warga negara asing asing indonesia coblos cina 2019 ganti presiden 2019 ganti presiden 2019 ganti presiden,1
ayo pancing antek komunis negara republik indonesia selenggara tonton bareng film khianat 30 si partai komunis indonesia,1
partai komunis indonesia soeha o singkir soekarno tiru prabowo menantu,1
cashier indon haha mesti gelak padan makan babi berengsek,1
situ antek komunis uniform resource locator,1
lihat tumpang penuh tenaga kerja asing cina bahas indonesia inggris cc uniform resource locator,1
haha teriak teriak cina kaca iya junjung turun etnis,1
terima putus presiden partai komunis indonesia muncul gebuk,1
presiden jongos tunggu aba tuan cina nya bantai muslim cina kafir,1
salah jokowi rezim jahat diktator otoriter komunis kafir zalim organisasi papua merdeka uniform resource locator,1
rezim plonga plongo kacung cina plonga plongo dungu haha,1
tuju usir turun arab india cina masuk zul uniform resource locator,1
partai adil sejahtera antek komunis,1
ganyang partai komunis indonesia wajib jaga negara republik indonesia pancasila uniform resource locator,1
dasar cina goblok bayar kucing gembrot model,1
matanajwadebatjaka a sih cina babi ahok banget sok pintar banget ahok,1
ganyang partai komunis indonesia perang buka generasi partai komunis indonesia umat islam,1
wadaauuuwwww oi kalem oi sabar sabar tunggu gara gara sih sipit keparat kebal hukum emosi rakyat kendali jejangan strategi,1
usir cina cina indonesia indonesia kuasa bebas jajah,1
biadab teroris buddha myanmar bakar al alquran,1
sih hidup nebeng cina cina milik jongos cina sih paloh bewok,1
usir cina indonesia rusak bangsa uniform resource locator,1
suruh pakai mata uang cina suruh pakai produk produk tiru cina suruh ajar bahasa cina suruh bantu cina pribumi negara tumpah darah pribumi woiiii mimpi 2019 ganti presiden 2019 ganti presiden,1
alex untung tuduh antek cina partai komunis indonesia haha,1
anjing komunis gonggong sahut,1
tanu usir cina,1
waspada upaya ahoker antek komunis media laku pecah belah umat islam aksi 299 aksi 299,1
situ nge i undang undang kriminal anak anak hina presiden umur 16 penjara 1 5 anak cina ancam bunuh presiden lucu super tolol waras otak,1
sih ahok cina anjing kafir nista agama islam,1
perang cina usir cina bumi indonesia,1
cina racist biar cina kuasa dominasi ri lihat cina singapura usir melayu kampung,1
percaya cina heran jabat indonesia jongos cina kristen tegak hukum islam usir cina,1
narkoba cina dosen cina hutang cina tenaga kerja asing cina periode kurikulum cina salam 2019 ganti presiden,1
ganyang partai komunis indonesia uniform resource locator,1
cina ri negara 75 tanah asai usir pribumi dewa perang,1
ai koalisi dukung perintah jalin kerja politik ai komunis cina,1
tolak versi akal akal rezim edit sesuai selera partai komunis indonesia korban dasar komunis,1
cina babi cina maling usir cina uniform resource locator,1
turun cina racist paham sejarah indonesia paham,1
mari lawan hancur rezim kocak jongos cina komunis,1
diam lu cina keparat,1
usir duta myanmar,1
hubung ai komunis cina rezim antek antek asing,1
era komunis biar kembang,1
ganyang partai komunis indonesia musnah,1
nyata jokowi komunis lengser uniform resource locator,1
partai demokrasi indonesia juang ainya preman komunis maling racist koruptor tipu partai demokrasi indonesia juang kumpul nya orang orang amoral,1
partai komunis indonesia bunuh orang islam anti agama orang islam bantai partai komunis indonesia jihad bela partai komunis indonesia,1
slogan tipu teriak pancasila indonesia hati komunis,1
monyet komunis,1
tai kucing cina intervensi wilayah kalimantan hati hati gara gara ahok si mulut jamban,1
partai komunis indonesia zombi ancam negara republik indonesia umat islam ganyang partai komunis indonesia uniform resource locator,1
biadab kerja cina buang bendera indonesia tanah asing asing tiongkok uniform resource locator,1
komunis sadah bankrut bro iring perestroika cecep gorbachev,1
iklan ahok jahat ahok cipta bara api rakyat pribumi tionghoa balut fobia ahok kafir racist,1
responden institute of southeast asi studies orang indonesia turun cina milik loyalitas hadap republik rakyat cina,1
masjid tua candi candi milik raja hindu buddha nusantara usir cina,1
komunis sederhana paksa atur contoh paksa pakai e uang komunis banget rezim komunis,1
hem sampah tengok live facebook khair din habis habis pusing pasal manifesto ph agama golong dap cina kristiani he nama dap pas eh geram lepas dok motif nak sel,1
bubar acara partai komunis indonesia,1
insya allah kuasa jahat jongos budak cina kafir komunis nafsu jajah rampok indonesia hancur allah subhanahu wa taala,1
orang cina indonesia,1
i hasil emak emak jual puki asli partai komunis indonesia sih ahok anak cina anjing kafir a negara republik indonesia,1
acara dungu biadab bangsa aji budaya muhammad arab buta huruf nabi ganti budaya baca,1
gerombol bela partai komunis indonesia nyata kolam dukung nista aduh,1
cina ahoker berani bayar pribumi aparat aparat korup legal aktivitas cina bangsa suku indonesia usir cina,1
tulis twit kafirun munafik bau bau partai komunis indonesia pancasila indonesia mental mental kacung,1
cina angkat kaki istana,1
tenaga kerja asing cina masuk indonesia masuk om curiga cina cina ahoker,1
nyata indonesia anggota negara makmur cina iya makmur cina,1
ganyang partai demokrasi indonesia p partai demokrasi indonesia p ubah nama partai komunis indonesia,1
a is kampung gmnin udik kampung handphone anak gue cemplung gue beli pakai keringat halal hasil kangkang laki orang,1
19 khilafah tempuh bikin ai tii bahaya ideologi komunis,1
bambang muka kontol hina ulama gue hajar dasar antek komunis,1
etnis asli singapura kuasa melayu cina jajah rebut,1
indonesia cina,1
tuju usir cina negeri,1
cina usaha kuasa politik hukum indonesia,1
ratus massa organisasi masyarakat islam gerebek jaka a ganyang partai komunis indonesia uniform resource locator uniform resource locator,1
usir buddha myanmar bumi indonesia uniform resource locator,1
jokowi ratu adil turun darah biru darah kotor cina babi uniform resource locator,1
ai bangkit paham komunis bangkit tanam rezim,1
fahri hamzah bela prabowo pe olongan perintah jokowi rohingya bubar partai komunis indonesia bubar partai komunis indonesia,1
islam nusantara 1 wacana islam arab partai komunis indonesia tumpang partai demokrasi indonesia juang 2015 jokowi menang pilih presiden 2014 sadar sih manfaat sadar,1
menteri dagang cina tumpang cari makan hidup indonesia cari perkara pribumi usir negara republik indonesia,1
cewek cakap bego laku sih ahok cina bau tai makan bubur encer ahok paham komunis nista islam kristen,1
tolak sweeping kerja cina komunis antek komunis bro legal buka pintu masuk,1
matanajwadebatjaka a lucu banget ahok sambung kena sekak mat pe anyaan isu agama dasar cina tolol haha,1
rakyat cina rakyat indonesia anak turun partai komunis indonesia paham uniform resource locator,1
gue penasaran sih haha cari kambing hitam asing rusia misterius diam tanggap ya cepat bikin hancur drag us all haha perintah,1
iklan ahok jahat teroris nyata indonesia wahabi onta babi babi milik cina tebar teror sungguh,1
cina kenal trik tipu daya mending usir suruh habitat asli,1
jokowi tes dna tes dna bukti nya turun partai komunis indonesia,1
partai demokrasi indonesia komunis ya,1
ahok kafir umat islam anti ahok ahok kafir ahok cina suka makan babi bir,1
bangsat bintaro komunis ubah,1
nyata ciri khas orang nusantara benci ras tionghoa,1
nampaknya paket sokong cina babi sokong lgbt,1
ya fakta partai komunis indonesia uniform resource locator,1
nyata antek asing cina laku jokowi nyata uno impor cina kampret diam hening,1
ganyang partai komunis indonesia khianat partai komunis indonesia 1948 uniform resource locator,1
gila efek utang cina badan narkotika nasional 80 sabu masuk indonesia produksi cina uniform resource locator,1
mari rapat baris target nya lengser jokowi isu partai komunis indonesia bela kafir pria non pria,1
haha te ipu onta arab,1
ganyang partai komunis indonesia uniform resource locator gedung jaka a uniform resource locator uniform resource locator,1
bikin reklamasi kunjung duit cukong junjung setop eh bilang sipit songong,1
sih heran antek antek partai komunis indonesia muncul rintik rintik hujan,1
komunis partai komunis indonesia umat islam ribut senang perintah anti islam gaya adu domba main,1
usir cina harga,1
bela partai komunis indonesia muncul bela rezim bela ahok komunis cina peran waspada darurat partai komunis indonesia,1
bajar timor leste pribumi milik daulat timor leste etnis cina penghianat perompak ahok,1
sadar rezim neo komunis bangkit,1
hukum surat pemberitahuan negeri mata remaja labil mata sipit hina presiden simbol negara nyata sepi berita indikasi anggap bebas ekspres anggap lucu lucu pikir dah gue mah,1
moga panglima tentara nasional indonesia selamat negara republik indonesia jual aset negara antek antek komunis,1
cina senang indonesia susah canda sih encek csis harry tjan silalahi 80 an,1
expect lepas tangan kerja lecturer ape lancau sial cina nih,1
ahok bebas syarat hidup markas komando nyaman nyaman rejim kacung sifat cina penghianat,1
akun anak partai komunis indonesia,1
cina anjing uniform resource locator,1
ganyang partai komunis indonesia tentara nasional indonesia uniform resource locator,1
media antek komunis waspada partai komunis indonesia uniform resource locator,1
mantap bravo pasang ideal cocok 2019 tumbang kaum antek cina,1
wajar kivlan zein benci partai komunis indonesia wajar partai komunis indonesia benci simpatisan darurat partai komunis indonesia uniform resource locator,1
indonesia bangun hambalang teror reklamasi cina meika a lancar aman,1
nomor koruptor negeri korup asuh cina babi uniform resource locator,1
usir cina bala mongondow juragan ng,1
bubar partai komunis indonesia orde orde pas berantas partai komunis indonesia,1
minoritas muslim rohingya sekian zalim,1
kerja cina proyek jalan tol lempar bendera merah putih hukum hormat bendera amp depo asi,1
iklan ahok jahat ahok cipta bara api rakyat pribumi tionghoa balut fobia ahok kafir racist,1
melayu hidang daging lembu tetamu hindu sensitivitas,1
haha tulang orang batak tulang manusia orang batak kali luhut binsar panjaitan orang batak orang tionghoa sesat batak mu,1
usir rohingya indonesia rohingya nista gadis buddha myanmar,1
penjara cina kafir ateis masuk ahok pimpin babi tukang korupsi,1
jokowi pimpin buruk sih raja utang ahli citra maling kampung jago bohong opresif anak partai komunis indonesia jongos cina komunis,1
koordinasi kuat massa muslim kepung duta myanmar usir duta orang buddha biadab indonesia,1
antek asing komunis kapitalis,1
bukti nyata cina indonesia antek jajah,1
negara republik indonesia eks bebas serbu tenaga kerja asing cina mari umat islam indonesia ganti presiden 2019 ganti presiden yuk 2019 presiden,1
jokowi komunis kapitalis uniform resource locator,1
blok cina rusia syarat korban galau berat indonesia kerja hebat uniform resource locator,1
pakai licik akun palsu sebar membully akun palsu bunuh karakter orang salah partai komunis indonesia orang ateis anti allah agama jenderal nasution waspada komunis,1
usir duta myanmar kumpul orang buddha indonesia lapang buka adakan orasi uniform resource locator,1
usir turun cina pe ahankan pribumi arab usir turun ya,1
cina usir zaman belanda tukang penghianat,1
nih partai demokrasi indonesia juang nasional demokrat bicara ganyang partai komunis indonesia memble,1
larang ajar komunisme sisi perintah buka pintu masuk nya wisatawan komunis negeri,1
iya cebong cina komunis cinta sih jamban,1
ganyang partai komunis indonesia waspada bahaya laten,1
usir bakar lilin aksi bineka aksi teroris cina bukti mata sipit pegang lilin,1
sipit sipit bantat kayak seungmin,1
monyet komunis tolol,1
neo komunis antek cina sebentar musnah negeri,1
kurikulum cinta indonesia hapus ganti kurikulum cinta cina,1
ganyang partai komunis indonesia hapus lambang partai komunis indonesia film intimidasi komunis antek partai komunis indonesia sepe i hantu,1
blokir cina telegram blokir jokowi tuduh teroris sabu cina cina usir sesuai pikir rezim,1
fitnah jenderal fitnah prabowo sudut umat islam situ partai komunis indonesia ya uniform resource locator,1
janji deh puluh juta lapang kerja rakyat tenaga kerja asing cina,1
pribumi tolak etnis cina pimpin indonesia adu pancasila bineka,1
selamat minggu partai komunis indonesia tamat hancur awas gera hati komplot makhluk kaki larang muka bumi indonesia,1
lengser jokowi kuasa cina komunis,1
edan edan pokok 2019 ganti presiden usir cina cina keparat tau malu,1
muncul partai komunis indonesia bulu monyet uniform resource locator,1
gue rakyat indonesia sukarela berantas cebong komunis,1
usir duta myanmar lindung teroris buddha save rohingya,1
ganti presiden tenaga kerja asing cina pulang datar cina pakai getek,1
cina perikemanusiaan suka cina indonesia,1
nyata sangkut paut ya teriak cina nyata turun cina teriak partai komunis indonesia nyata berontak,1
rezim diktaktor ekonomi cina sumpah setia undang undang dasar penghianat turun jokowi,1
akun akun antek komunis liar darurat partai komunis indonesia,1
gebuk komunis partai komunis indonesia selamat negara republik indonesia kasih kendor bantai ulama kiai nu ulang,1
umat hindu permak tentara buddha radikal teroris muslim rohingya,1
marah tah bang bilang etnis cina kasih pimpin indonesia watak asli jajah,1
sih cina kafir ahok kriminalisasi polisi rekayasa hukum nya,1
usir depak cina amerika komunisme sekuler liberalisme demokrasi ganti hukum allah rasul gus syams,1
usir cina partai komunis indonesia negara republik indonesia,1
awas provokasi jokowi antek cina anti islam,1
umat islam toleran umat kristiani buddha rindu cina usir uniform resource locator,1
indonesia musibah umat islam berkah orang cina amp kristen,1
munafik golput panas dingin bela sih kuli cina kejang kejang lihat orang kagum pimpin karismatik plonga plongo,1
biadab ahok cina kafir anak anak rakyat pribumi islam gusur rumah a hidup,1
eh cina setan tumpang makan indonesia enak nya,1
orang indonesia dongok nya lihat banget jalan kasih jalan madam bakar manfaat ambil jalur madam asli goblok,1
komunis bangsat uniform resource locator,1
tenang panik a khawatir jok ribu lapang kerja ribu tenaga kerja asing republik rakyat cina selamat ber antre ria ya wkwk,1
benci muslim antek komunis puluh bantai muslim,1
partai komunis indonesia gaya partai komunis indonesia jambret mati kota padang jambret mati partai komunis indonesia tolol fitnah nya jambret mati minimal rumah sakit,1
om makar om ya makar megawati biar cina cina korup bantu likuiditas bank indonesia partai demokrasi indonesia juang lengser jokowi,1
ganyang partai komunis indonesia ganyang partai komunis indonesia ganyang partai komunis indonesia uniform resource locator,1
siti goblok hidup indon sedekah bising malaysia makmur kayak raya,1
sumpah gue bohong ya gue kerja pabrik feronikel milik rusia kerja orang cina gue jijik jorok bab siram makan babi ular kadal bikin gue jengkel bau badan masya allah taha,1
garuda sengaja bangkrut biar asai asing asing cina laknat lengser garuda bangkrut,1
tangkap laku polisi lengser jokowi rezim partai komunis indonesia,1
cina usir indonesia lihat miskin,1
catet cebong kader komunis indonesia,1
bangga politik indonesia masuk hitung amerika cina sayang hitung jajah,1
ganyang partai komunis indonesia antek uniform resource locator,1
kantor kepung massa takut kuak pokok ganyang partai komunis indonesia,1
alah istana kuasa cina hancur rakyat indonesia,1
usir cina ganyang cina,1
antek komunis biadab jongos cina,1
iya sih kayak komunis banget wkwk,1
indonesia boikot bank iran negara islam terima uang cina uniform resource locator,1
tau bicara tumpas partai komunis indonesia komunis antek serang ya serang partai komunis indonesia partai komunis indonesia lindung partai komunis indonesia,1
sikap keras hadap cina kafir uniform resource locator,1
malu indonesia gubernur cina,1
orang tionghoa ijazah palsu tokoh masyarakat tionghoa sungguh sampah tg pinang agama kristen wihara nama nya munafik muslim,1
komunis anjing wkwk,1
fuck teroris buddha myanmar,1
bentar partai komunis indonesia indonesia bubar partai demokrasi indonesia juang,1
usir cina negeri kecuali cina patriotik kayak gue,1
kuli cina nya usir tenaga kerja indonesia anggur uniform resource locator,1
bukti masuk investor cina buruh cina indonesia bukti,1
waspada lini susup kader partai komunis indonesia antek cina komunis,1
stigma partai komunis indonesia komunis kafir munafik babi ya dewan wakil rakyat teriak gantung bunuh usir warga negara indonesia etnis cina,1
partai demokrasi indonesia p komunis,1
lawan partai adil sejahtera konsisten lawan investasi cina grup lippo donatur anies sandi meika a partai adil sejahtera,1
suka teriak pancasila indonesia komunis cina antek antek,1
pro perintah langsung cap kafir komunis pro asing melek mata rien,1
etnis cina indonesia imigran gelap,1
tolong bubar acara partai komunis indonesia uniform resource locator,1
bela cina keparat ubah anjing buduk marah enyah cina keparat bumi negara republik indonesia sumpah cina hidup indonesia setia tanah air sum,1
waaah sih perek gerwani gangbang babi sipit bentuk adik ya choong hancur hasil entot kuda babi sipit ngooaaahahaaa,1
nya gampang presiden mu hina cina bangsat diam sih munafik bisu 2019 ganti presiden,1
keji biadab ganyang partai komunis indonesia paham komunis negara republik indonesia uniform resource locator,1
anggota nyata cina manusia kampret kampret teroris keji indonesia pilih the,1
media indonesia cina komunis,1
partai komunis indonesia ilusi ancam nyata negara republik indonesia antek antek neo orde plus front bela islam huh kelompok khilafah puja isis waspada,1
indonesia tindak nyata usir duta myanmar indonesia biksu buddha militer bunuh masal genosida etnis rohingya,1
komunisme nya cina kapitalisme nya us pancasila indonesia bro,1
cina maju komunisme,1
tuju turun jokowi bela pro partai komunis indonesia,1
anak berontak jaman menandatangani kontrak pt freepo jaman turun tionghoa masuk islam mantu presiden jaman,1
usir cina jokowi radikal usir cina generasi bangsa mental rusak tumbang jokowi uniform resource locator,1
usir teroris buddha bunuh muslim rohingya usir duta myanmar,1
mantap usir kaum cina karawang,1
ayo polisi tangkap usir sih raja kodok komunis istana cebong cina komunis hancur negara republik indonesia,1
dosa fitnah umpama bunuh tau dar cina buku islam fitnah lantak nih konon islam nih cerita,1
rezim rezim komunis biadab rezim komunis budaya catet partai komunis indonesia korban,1
antek komunis kejang kejang,1
usir cina tiongkok uniform resource locator,1
banding lurus bijak rezim mesra cina produsen narkotika masuk indonesia uniform resource locator,1
mumpung september ganyang partai komunis indonesia,1
tenaga kerja cina leceh lambang negara indonesia uniform resource locator,1
teriak teriak pancasila koar koar negara republik indonesia harga mati tolak film 30 si partai komunis indonesia putar ulang situ bunglon antek komunis,1
partai komunis indonesia kali susup acara min massa teriak ganyang partai komunis indonesia,1
ajak dialog tolak wajar rakyat tuduh antek komunis,1
pribumi tolak etnis cina pimpin indonesia adu pancasila bineka,1
ganyang partai komunis indonesia antek antek nya jaka a,1
mulut mu bauk tai anti korupsi bubar komisi berantas korupsi partai adil sejahtera partai adil sejahtera sahabat komunis uniform resource locator,1
pribumi kaya alam indonesia milik kuasa etnis cina bantu aparat tegak hukum jongos cina,1
hati hati jajah cina pakai belanda adu domba pribumi lambat usir cina bangsat negara republik indonesia,1
jahat islam usir cina buddha indonesia,1
70 indonesia salah kuasa cina bang,1
arab saudi komunis antek partai komunis indonesia kriminalisasi ulama,1
ganyang partai komunis indonesia akar akar uniform resource locator,1
bodoh abu tours anjing tai tai luwes asuuuu cina puluh triliun bajing tai anjing maling sejati kerja indonesia rusak,1
usaha transpo asi online biadab undang undang no 22 2009dan tolak permen nomor 108th2017 usaha komunis dana komunis cina,1
kayak indonesia orang indonesia cina aneh ayo pribumi usir negeri,1
stop tutup iklan meike a meike a proyek bodong pribumi sampah jongos cina be obat,1
ganyang partai komunis indonesia antek antek orang orang ai dukung uniform resource locator,1
jokowi jongos cina,1
sikap diktator ai jilat duit cina tangkap tangkap uniform resource locator,1
usir nasionalis bidang ekonomi ekonomi monopoli cina total surat pemberitahuan hancur ri,1
ketemu klien orang batak marah gue marah berengsek malu kantor,1
suruh tenaga kerja asing cina tonton stadion lupa bawa 2 bendera merah putih bendera cina,1
goblok kakak kecebong pancasila negara republik indonesia otak hati komunis rezim anti korupsi 1 minggu 7 kali ott komisi berantas korupsi,1
meme nak cilok indonesia dasar malingsia berengsek,1
lini panas ganyang partai komunis indonesia,1
awas proyek partai komunis indonesia cina komunis,1
pribumi iseng aparat wajah garang cina racist aparat alay,1
ganyang partai komunis indonesia uniform resource locator,1
apel malang impor apel cina amerika nama bangga produk indonesia,1
penjara ahok lengser jokowi komunis cina nista alquran an nista agama kriminalisasi ulama kriminalisasi organisasi masyarakat islam,1
rezim anti islam pro komunis insyaallah saksi hancur,1
perintah marah bera i 100 rezim komunis,1
orang tegak khilafah tuduh radikal orang sebar paham komunis,1
cina indonesia po an tui gabung kompeni bunuh pribumi,1
bera i pribumi ya ayo bahan pribumi usir indonesia turun cina pribumi,1
orang suka prabowo bera i partai komunis indonesia uniform resource locator,1
mesir komunis kafir ekonomi asai dajjal poros beijing,1
pribumi iseng aparat sangarrrr puluh cina racist aparat alay jongos,1
sudi rakyat presiden jongos kacung cina presiden cebong cebong cina,1
usir buddha indonesia notabene mayoritas cina,1
heran perintah jokowi budak kuli cina cina ahok kafir 9 naga,1
selamat rezim komunis anti islam,1
cowok usaha lacak perhati gue lantas remeh perhati gue kasih khusus basic cowok bego,0
telat tau edan sarap gue gaul cigax jifla cal licew,0
41 kadang pikir percaya tuhan jatuh kali kali kadang tuhan tinggal orang tua rencana pisah kakak pilih kristen anak ter,0
ku tau mata sipit lihat,0
kaum cebong kafir lihat dongok dungu haha,0
ya bani taplak kawan kawan,0
deklarasi pilih kepala daerah 2018 aman anti hoaks warga dukuh sari jabon,0
gue selesai re watch aldnoah zero kampret 2 karakter utama cowok kena friendzone bro xd uniform resource locator,0
admin belanja po nak makan ais kepal milo ais kepal horlicks cendol toping kau kau doket gerai rozak me uaku taipan 2 kembar baby amp romantika bank islam senawang,0
enak ngewe,0
gue jari gue ukur nyali bacot,0
banci kaleng malu pe anyaan 2 nyungsep koe uniform resource locator,0
ajar ekonomi mesti jago privatisasi hati orang aduh ironi,0
aktor huru hara 98 prabowo si lengser perintah jokowi nyata,0
bu guru enak jablay guru sekolah dasar sih kayak nikmat pecun guru,0
lawan bicara gue intelek kayak otak kencing onta gue hadis nabi sahih kafir kayak tolak ahlun nar,0
pikir ampas banget ya,0
ari bek rapi monyet,0
cowok gantle gantle nama banci,0
alga mnr bom,0
anjing ya gue jarang ambek takut wkwk gue budak cinta,0
noob peluang sakit nya gede sih,0
joko widodo nilai presiden lemah sejarah indonesia jokowi milik modal dukung politik ketidakmampuan perintah hadap situasi ekonomi,0
ajar camat bilah hilir deklarasi anti hoaks amp pilih kepala daerah 2018 damai,0
bandara udara internasional ajati bangun gubernur ahmad heryawan anggar belanja negara perintah pusat insya allah operasi,0
gubernur presiden rakyat ya,0
sih kerja delay mulu setan,0
pintu sorga pintu sorga asli pintu hati modus banget,0
nenek nenek heran cebong bohong,0
islam nusantara produk jil pasar gencar antek jil jil anti arab pro asing almarhum kh hasyim muzadi,0
habis sahur jam 10 si bayi nete kali lemas,0
kak emak suka sipit wkwk,0
laku homo jaman now ngentot live blued gay video gvid lokal hangat uniform resource locator,0
kak gue orang jawa maaf ya gue orang palembang kakak deh ajar aksara jawa kelak ajar budaya palembang,0
pegawai guardian training kayak mentang mentang gue kayak gembel kaos flat shoes dijutekin bangsat malas beli kabur gue matahari,0
para bajing luka lady terima ganjar ratus kali lipat sanji selamat ulang laut jkt48,0
aja tolak berita hoaks sukses pilih kepala daerah wilayah kota,0
presiden ri jokowi kerja nya tulus ikhlas rakyat jokowi,0
edan tuju fabiano,0
al alquran ya bang mulut kayak orang kafir bejat hina farhat abbas law,0
lihat beda wibawa wibawa gubernur indonesia masya allah,0
anjir kali lihat orang bego debat pilih kepala daerah kerja serang karakter kecewa on empok silvy and agus debat final pilih kepala daerah jakarta,0
gubernur zaman now gus ipul puti 2 ganjar yasin 1 djarot sihar 2 hasan anton 2 koster ace 1 nurdin sudirman 3 karolin gidot 2 keanekaragaman budaya suku agama sungguh kaya djarot hadap pese a rakercabsu,0
iya islam lokalisasi kristen mas nusantara mas lihat gereja bandung pakai gamelan khotbah pakai bahas sunda jawa huria kristen batak protestan nusantara,0
cipta situasi aman tertib masyarakat jelang pilih kepala daerah 2018 kepala polisi sektor konang silaturahmi tokoh masyarakat,0
positif nse positif respon masyarakat hadap cangkul impor garam impor beras impor jagung impor tenaga kerja impor esemka impor nurl,0
sembahyang adopsi tradisi lokal kerja hindu istilah sembahyang pun lahir tradisi ritus menyembahhyang tunggal shalat sembah all,0
didik bodoh larang bawa agama biar orang islam bayar ahok sadar pilih ahok gila,0
ahok the best abai kaum kampret otak micin,0
sih otak tempurung laden lawan dungu makan hehe,0
awaasss berita saudara gerung susah cari kosakata bocor picing mata bibir monyong samping suara ky nhn kentut politik kotor zaman b pulang ky nhn ngeden dungu,0
pinokio umur 3 2019 ganti presiden,0
cerita silat lae kho merah muda oh indonesia liang ie shen tulis cina,0
benci umat islam,0
gue nete,0
wkwk bani lowo,0
takabur lahir kuasa rakyat ulama cendikia iblis makhluk alim amp ibadah atus ratus laknat hasud takabur orang ahli ilmu filsafat failosof mari demo sendi,0
a orang suka konser konser boros,0
makan racun ulama hukum rokok mubah,0
susilo bambang yudhoyono presiden ri 6 khofifah emil masyarakat no 1 bagus khofifah emil nomor,0
kali gue gemar korea pop omong teman teman gue idol gue banci homo,0
suka video uniform resource locator kisah seteru haji bolot amp malih tongtong,0
budaya kafir sungguh islam indah,0
hem hem diam bisu coba rumput goyang,0
setan bisik was was lindung allah qs al a raf 200 fussilat 36,0
ateis sibuk agama orang,0
lengser jokowi bangsat,0
selamat kakak 2019 ganti presiden 2019 presiden,0
bajing homo hati hati hadap anak anak utama kamar mandi laki laki biar uniform resource locator,0
iya cocot,0
budaya indonesia,0
ajar salat a orang asing pecah belah islam,0
x bicara bangkai,0
percaya negara jajah ranah bubar sistem sistem beraja negara negara republik komunis negara negara jaja,0
bunda ngentot yuk,0
karno anti asing beliau jawa coba deh adakan konsensus jawa anti asing pro asing kebo ohannya keliru tutup akun,0
proyek korupsi rezim susilo bambang yudhoyono uniform resource locator,0
wajar lihat tingkah petinggi negeri suka campur bahas indonesia bahas asing kali bicara,0
ab pribadi senang kompetisi positif,0
kitab suci agama bilang om dadak kalap,0
suka tutup mata tutup lihat te utup gara gara sipit,0
muslim nista kitab suci alquran an alquran an suku detik makna faktual umat islam makna sirat fiksi,0
eh kasar kampang,0
bentar gue rilis album the onta si wkwk,0
cebong bang,0
najis banget gue mentwit barusan he,0
transgender anjing uniform resource locator,0
awas bintit intip titit kucing,0
bawel bawa asa bolot bodor wkwk ya deh,0
gue saran bacot maling ayat langsung to the point orang paham riak kafir sesat liberal puja dukun bla blaaa hati puas deh,0
salah target ahok agenda utama lengser jokowi,0
kena tagar panas banget 2019 ganti presiden,0
maju duit goyang kaki pape duit nak maju kat bodoh uniform resource locator,0
huria kristen batak protestan pecah kristen katolik zaman jajah belanda nama kristen protestan kristen katolik pecah huria kristen batak protestan p kali tarutung k,0
baca biar pintar jepang amerika cina utang tau,0
prabowo kalah bantu jokowi citra ratap pilu,0
takut azan iblis,0
goblok bani cebong tukang tipu jilat kuasa gera bayar pakai nasi bungkus propaganda nasi bungkus gagal,0
cebong sewot,0
2 gera tekan kerja keras total tingkat potensi bangsa,0
gubernur djarot mayoritas ai politik dewan wakil rakyat daerah dukung ahok djarot payah ya uniform resource locator,0
rezim rusak sistem sibuk cari cari salah ketemu komisi berantas korupsi alat besok perintah ganti ulang engah selesai organisasi orang,0
orang orang tuding antek asing asing sungguh be epuk tangan,0
anti asing,0
selamat moga kiprah tingkat nasional,0
asyik menang sih ulama,0
ketapang tenaga kerja asing asing kerja usaha masuk pt who tambang bauksit viral pilih presiden kerja era gubernur cornelis wakil,0
anak pecun hobi zina haha,0
bom surat harga syariah negara,0
istirahat presiden momentum saksi telinga mata rapat bentuk pacitan 2003,0
1979 house select committee on assassination hsca temu cacat investigasi laku fbi warren commission hsca simpul tembak laku konspirasi,0
asa genap 1 17 april 2018 gelar hajat pilih presiden acara negara indonesia pilih presiden moga senantiasa jalan aman lancar amin,0
ian pantat,0
orang pintar agama agama nista hujat orang orang bodoh orang maaf lahir idiot harga cipta tuhan iblis pintar licik,0
daftar calon presiden pilih presiden 2019 buka agustus 2018 normatif politikus partai demokrasi indonesia juang paham 2019 ganti presiden,0
gue mantan mantan gue sedih pikir tidur lo gue anak berengsek laki laki,0
2019 ganti presiden konstitusional hak rakyat woiii nih plonga plongo laku otoriter,0
mari wujud pilih kepala daerah kota bengkulu 2018 aman damai cok adem86 98heru,0
serius presiden jokowi islam nusantara kristen nusantara buddha hindu kong hucu nusantara,0
nyata moeldoko bukti istana takut bangkit umat islam,0
cowok jago drasex ngentot adik luvian,0
kroasia kafir tau ajar kafir lupa kapling sorga,0
nya menteri suha o homo,0
gue tau culun takut orang ubah perlahan lahan buruk,0
perang salib raja afrika babilonia peluk kristen tobaco peluk islam,0
kejar setor bangsat rupiah turun,0
moga tindak lapor hadap nista agama adek armando laku langsung ketua front bela islam kh shobri lubis badan reserse kriminal markas polisi republik indonesia gambir jaka a pusat selasa 10 4 13 00 indonesia barat perhaps,0
bangkai hajar,0
onta mati minum,0
uniform resource locator ahok tng was was hidup,0
sul teng ekses akibat sandera hutang cina 2019 ganti presiden 2019 presiden 2019 jokowi ganti,0
6 pride yunani hyper phania angkuh harga sombong kenal hubris vanity harga ubah manusia sombong sombong manusia kutuk mata tuhan manusia cinta,0
be anya tuju hati logika hati tenang be anya logika hati sedih ku cari wasiat beliau tinggal asing asing mata manusia duhai,0
be aji nya komisi berantas korupsi era era komitmen berantas korupsi surat pemberitahuan era susilo bambang yudhoyono,0
admin tolol ai tolol ai tolol orang tolol,0
ayu ting ting goyang hot raffi ahmad nagita slavina kampung norak uniform resource locator,0
video tenaga kerja asing malaysia kutip nyata,0
ppp buru buru tolak wacana pilih kepala daerah dewan wakil rakyat daerah,0
random pagi pagi samper meja kerja pakai bedak sih biar muka bersih istri butek ku pakai air wudhu ku kristen,0
gue kampret,0
memek lonte sodok kontol gede,0
jokowi mundur tutup uniform resource locator,0
bicara mulut sepe i banci beli kaca lihat bro,0
amin racist nada nada ratna sih paiiit nada sih onta nada sih lobang anus takut oi oi habis obat tenang ya,0
tunggu komando imam bejat cabul tai bir bawa ulama dasar banj sempak,0
kabinet beranta pecah belah rezim,0
ih pintar orang politik kaca oi tampang k k orang bego wkwk,0
partai demokrasi indonesia juang menang tekan usaha tambang target proyek impossible lelang murah antek cina ntb contoh partai demokrasi indonesia juang menang dasar bajing,0
percaya mulut buaya mu bawang,0
2019 susilo bambang yudhoyono prabowo lawan mega jokowi peristiwa 2004 ulang partai demokrasi indonesia juang incumbent kalah mutlak susilo bambang yudhoyono jokowi mega susilo bambang yudhoyono lawan prabowo mk pilih presiden selesai 3 poros pilih presiden mk salah lawan,0
kayak banci kaleng gatot gaduh gentleman mundur saing pilih presiden 2019 lawan jokowi,0
bebal,0
5 indonesia negara populasi muslim dunia islam rupa musuh barat amp komunis hambat agenda obviously,0
umuh persib persib kunyuk,0
film muslim pilih ahok mati salat jamin laris,0
banu banu yahudi beda banu banu kristen suriah salah beda banu yahudi pakai eloah elohim yahwe suriah pakai alah allah,0
eh muka merah merah cendol setan cuaca nih panas,0
berita saracen diframing katak tim prabowo anies sandi media tumpah sakit hati katak cebong ehe,0
giat bhayangkara bina aman tertib masyarakat brigadir polisi manajemen bas sekolah sihombing rabu 11 april 2018 laksana sambang desa tatap muka pantau aman tertib masyarakat tuju pilih kepala daerah 2018 desa lobusiregar i rumah rudi panjaitan helm siahaan hotman siahaan,0
sayang banget ya lihat perempuan kayak status tempel laki laki aduh nagita slavina blak blak ayu ting ting kampung viva uniform resource locator,0
lupa kang umat katolik minoritas perhati gubernur golong golong,0
cebong bilang kemarin eyel situ paksa cebong,0
lemah gerindra orang prabowo turun elektabilitasnya congor fadli zon surat pemberitahuan durno,0
selamat kakak kali raya makna kali,0
foto bisu milik a i susah ikan sepe i susah ikan putus,0
wkwk alam muncul grub wa a bani abdi had a k a mbah mek kenal orang,0
ayah pres badar nuqaba boekkk nih hebat bidang agama x takut natural killer tegur member lawak hambar lawak orang jom gerak gera badan chubby,0
orang anak pekan ilham dasar ekonomi deb gerak utama maju ekonomi bandar beliau allah ya rahman tun abdul razak ds malaysia pilih hogohundi,0
haha sialaaan nih sih nyata lapar presiden sikat,0
nasihat kali ugal ugalan nih rezim eh negeri keburu hancur ekonomi moral meni kacaoooooo,0
alah silit kebelet kasihan orang sayang media sosial gue sadar instansi kemarin gue cerita duuuhhh,0
iya cacat,0
2019 rakyat makan aspal beton solusi jitu miskin ahli cebong 1 tukang tipu cebong goblok ketulungan plonga plongo akibat optimisme 2019 ganti presiden,0
baca harun yahya belot kubu yahudi freemason nya kadang suka percaya,0
maju ulama gerak tokoh agama indonesia gus mus,0
,0
mukidi percaya pe anyaan mudah ya keras keras nama,0
kemarin hujat harap dasar bani kampret,0
fitnah sila ban apollinaris darmawan al alquran kitab sampah,0
monyet koloe bilang saudara ogah hidup ya hati comberan,0
body lufra scrub bahan dasar lidah buaya melembabkan kulit amp cahaya info 087812026394 body mass index,0
cacat,0
anut bumi datar teori bumi bulat orang asing notabene musuh,0
becak warga binjai sita tenda be uliskan 2019 ganti presiden partai adil sejahtera radang bukti perintah panik takut,0
jokowi mundur,0
musyawarah nasional alim ulama ppp semarang hasil rekomendasi syarat kriteria kriteria calon wakil presiden damping jokowi 2019 romahurmuziy,0
cerah nya gagal anak ekonomi wkwk,0
kafan budaya yahudi umat islam klaim,0
tanda nya pilih kepala daerah pilih presiden,0
misi 4 bangun masyarakat gotong royong toleran harmoni selaras nilai budaya jawa barat luhur nomor jawa barat asyik asyik menang,0
tabah pasang taufik puan nurliyana wajar contoh jom sumbang ringan beban pasang come on twitter do your pikir badan standar nasional 0510541000096745 bank islam 05058020145124 nurliyana bosan abdul razif,0
sih tai doang belaganya langit karma idol flop gue tertawa keras,0
celeng kangen gue iya,0
rang negeri budaya yuk unjung purwoke o mumpung even rakyat purwoke o ekstra vaganza banyumas,0
presiden dana taktis rakyat program program perintah program bangun infrastruktur kip kartu indonesia sehat ifikat tanah hutan sosial bahan bakar minyak 1 harga padat karya,0
amin ya allah tim latih ular rawa rawa sungai gede musuh buaya wkwk,0
maju maki mama bolot,0
gerombol kadal jidat gosong suka ribut gerombol salah pura pura budek dasar gerombol cingkrang uniform resource locator,0
gentar takut hadap kafir,0
saracen akun kritis anggap saracen aneh jokowi,0
bego teman gue najis kesal gue,0
kafir kristen ulah,0
kayak pegang mucikari,0
guru tk darma wanita desa plumbon porong deklarasi anti hoaks benci isu sarah dukung pilih kepala daerah damai,0
anjir seram main,0
kayak bank te entu bilang jual uang asing tukar rupiah,0
onta yaman nih gue depo asi,0
hati hati berita pilih kepala daerah bau hoaks madiun madiun today 100thmadiun kotak karismatik madiun tolak cukai ilegal kunjung,0
anak cocot ya,0
udah hoaks ya fahri ambil berita tuyg tong sampah ambil screenshoot tau berita,0
mantap direct message baris serba bang,0
nyata lebah suka bunga makan bangkai gue penasaran madu nya kayak,0
indonesia mundur bentuk,0
dongok bilang hacker haha,0
haha blunder cebong protein energy malnutrition pusat alas ham rakyat aceh ya kali coba perintah bilang suruh hukum islam kaffah aceh dewan wakil rakyat a,0
bangsat gue selam 1,0
pancing pancing urus nista bicara paham fiksi kitab suci,0
cebong kacung teman gue dungu tulang sumsum buang buang energi debat,0
ai korupsi sapi goblok,0
sinyal kontol pelihara niat sih login twitter doang susah open redtube setan,0
mata kafir wkwk,0
facebook anjir lupa,0
sih bilang alah kontol,0
nikita mirzani pakai hijab bicara cebang cebong fantasi uh ah cokorers,0
tatap alih arah enggan tatap pria curiga pe kali gaduh suasana angie temu orang pria asing tidur sofa sepe i,0
lahir kembang gera komunis indonesia pisah buah organisasi nama indische sociaal democratische vereeniging,0
shaheizy wajah baharu calpis,0
ya serah balas fokus kerja kerja tugas proyek seni budaya 2 langsung kumpul presentasi syukur nilai muas proyek,0
bro,0
laku bodoh masuk kategori senang laku sontoloyo menganggu bangsa laku naif langsung bentuk intimidasi hadap ulama laku,0
monyet turun mukim warga cibadak sukabumi uniform resource locator,0
kotor bahagia warga cebong nge i,0
giveaway taplak meja menang the rich chenle,0
buka busuk kubu anies sandi menang berkah uniform resource locator prabowo usaha cuci tangan,0
wkwk bodoh bang,0
kayak orang bego bro b ego,0
menteri lingkung hidup hutan upaya perata ekonomi tora kawasan hutan hutan sosial tribun medan,0
mahfud md allah subhanahu wa taala berang bangsa ajak buang islam,0
orang orang bego minum amp makan kotor onta otak nya somplak,0
kuak strategi kampanye tim menang anies sandi uniform resource locator,0
warga badui selesai tradisi seba pendopo perintah kabupaten lebak be emu gubernur banten wahidin halim sabtu 21 4 seba baduy 2018,0
lembaga lembaga anti korupsi bubar sentuh kuasa gilir komisi berantas korupsi partai demokrasi indonesia juang ai politik kuasa pulang otot bubar komisi berantas korupsi,0
mas sudut salah agama t entu bahaya rocky cerdik susun kalimat amp inti kasih tau pnge ian fiksi ayo mas nya i,0
rabun budek gue tulis bicara,0
bismillah tahan sepo kutuk,0
brahahahaaa cebong nya ahoker cebong cebok,0
update status bikin tugas tugas selesai ya jancuk jembut,0
muslim jabat negara be indak bangsa negara,0
12 ikan sembuh sakit selamat bagus laik jual pisah seleksi ikan cacat permanen pelihara sehat ikan ncc,0
presiden tuduh rezim anti islam negeri umat uniform resource locator,0
manusia bangsat,0
prabowo partai adil sejahtera bib asyik anggap antek prabowo antek partai adil sejahtera hidup dramatis,0
sahabat salah lovren bukti beda suku agama ras halang bina hubung umat manusia beda warna jalin pe emanan terima kasih lovren salah favorit best friend forever bro,0
lae turun turun ideologi partai komunis indonesia lekat jiwa,0
kesal rokok motor iya kadang pengap tutup macet,0
maaf kunyuk bro enak banget rasan sebar hoaks maaf sebar hoaks maaf mesti sapu biar jera nih orang uniform resource locator,0
halo warga jaka a wakil kepala dinas tanam modal layan padu pintu provinsi daerah khusus ibukota jaka a denny wahyu haryanto wakil wakil gubernur provinsi daerah khusus ibukota jaka a buka acara 2018 junior chamber international jci indonesia nasional event setiamelayanijaka a,0
2 kuat jaring gubernur tekan kuasa state of the a knowledge a bahasa rantau indonesia,0
pandang tuan guru bajang hadap agama politik,0
sedia berengsek,0
susilo bambang yudhoyono presiden ri 6 khofifah emil masyarakat no 1 bagus,0
dungu orang ganti presiden tau mikiiiir,0
bokep cewek bispak bandung ngentot crot unduh full uniform resource locator uniform resource locator,0
kampret complain raga tanggap fuck,0
kayak jablay grand theft auto jemput pakai mobil,0
lihat memek tante,0
kerja musuh dakwah islam bubar hati rakyat hak lengser jokowi kodok tukang citra,0
ha lengkap orang bukti goblok sih,0
tidak salah orang khalifah rasyidin kami rang orang kafir kalau orang orang munafik tidak orang munafik,0
suka nete uji nasional maklum,0
nek lihat match chelsea sih menang mudah manchester united iya embuh sih chelsea kacrut ki prediksi,0
ya kali tentara nasional indonesia suruh urus sampah plastik,0
khawatir manuver politik bijak laku rezim moga negara republik indonesia cinta amin,0
madi arya lapor rocky gerung polisi serius kitab suci fiksi rocky nyata salah hina tunggu anut agama a anggap kitab suci,0
bajing tengik,0
,0
rupiah haneul cute pacar perek on retweet,0
bilang anti asing asing tau wkwk,0
suriah sekolah radikal rakit bom pulang indonesia ya aman,0
kadang hidup kayak tai kadang berak orang beres tainya tangan iya,0
ih banci selotipan,0
haha kalah nih iya orang jahat kalah,0
gubernur zaman now gus ipul puti 2 ganjar yasin 1 djarot sihar 2 hasan anton 2 koster ace 1 nurdin sudirman 3 karolin gidot 2 keanekaragaman budaya suku agama sungguh kaya djarot hadap pese a rakercabsu,0
cinta orde meng idola prabowo amp hary tanoe,0
tantang buka dada eh setan habis kamus lawan kenegarawanan joko widodo presiden ri 7 stresssssss nih hati hati kena strok serang jantung rakyat indonesia hilang badut badut politik merdeka,0
belah duren ya dungu ya cebong maaf ya,0
2 orang orang yahudi nasrani al kitab taurat injil kenal muhammad,0
bubar hati amp front bela islam uniform resource locator,0
ahok verbal keras lampias lari lelaki lunak,0
teman teman kantor langgan cadar langsung bilang awas bom hela nafas,0
pantat nih tusuk tusuk open bo wa 08157686707 gay berondong massage boy gayjaka a gay yogyakarta gay tangger,0
ancam bunuh presiden republik indonesia mas mesti lapor tegak hukum be indak ancam bunuh kepala negara,0
kayak orang nyosor nete,0
ngewe,0
jebur cebur,0
partai adil sejahtera ulang balai kota rr bicara calon presiden balai kota ganti nama balai politik,0
rencana seret adil ham pbb uniform resource locator,0
bijak barang konsumen laku barang rusak cacat produksi konsumen puas produk hitung 7 tanggal beli haus mini quiz hazid kunyuk,0
kisah hidup muhammad lengkap unduh,0
we pipis onta cecer mari bau pesing,0
teriak lantang pm h pro asing pas tawar bantu asing bikin posko inti kompor keluarga korban pm h bilang 15 3,0
mari juang jokowi lantik 2019 gentar takut mata benang leher ujung tombak perut surut langkah bisu suara,0
kayak monyet,0
survei metro televisi jokowi menang presiden hitung ya 45 kalah 46 salah judul maksud jokowi menang sumber zie bajrie,0
,0
cuba tegak anime nih karakai jozu no takagi san nak feeling feeling cinta monyet zaman sekolah throwback habis 9 10 uniform resource locator,0
seru pesta budaya derau kuta kakak anegara,0
kontak retweet ya banget kenal tante jilboobs sange nini nama tante dea o,0
debat publik ajang bukti pintar ruang akademik pamer indah orang kuat lemah egosentris nama kuat tahan l,0
duduk istana negara lengser jokowi salam,0
hebat sibuk citra baca nih,0
muslim hina iblis betina nista syariat,0
politik hanta yudha pasang calon no 2 nya jawa jawa gayeng 2019 jokowi,0
jongos nista agama ahok sok sok ngong sara majikan nya tebar sara astagfirullah tobat,0
follow beli katolik akun prof wawas bangsa terima kasih,0
sih bejat cabul kecut sih onta iya,0
wibisono citra jokowi sebar up media massa pro asing kes jokowi hasil,0
adi gaya kayak beruk supir tembak metromini masuk dewan wakil rakyat kampung,0
km mainstream mengaa ikan pintar pintar relatif gantung bawa penge iannya surat pemberitahuan pintar meng undeeestimate orang gue pintar komen rejim now pintar mangkrakan janji janji doang sok making,0
gue dongok,0
ih masak sampah,0
gue pukau 2019 ganti presiden,0
aspirasi lina sumedang calon gubernur jabar berantas rebut laki orang resah hidup warga desa,0
yaelah chat urus lihat mesum anggota dewan wakil rakyat diam nyata selingkuh tujuh pura pura budek cebong iq ratus otak,0
takut cina i dap bimbang paham bawa,0
cermin pecah kaca,0
langsung tag ainya berani ya bera i banci,0
awwww comel nya asing warna,0
islam manusia idealis realistis hidup lupa ajak kerja keras ajak istirahat,0
kristus anjing anjing jembut keparat picek tai pejuh siwuk kutang siwuk idiot keparat picek tai pejuh siwuk kutang siwuk idiot keparat picek tai pejuh siwuk kutang siwuk idiot keparat picek tai pejuh siwuk kutang siwuk idiot keparat picek tai pejuh siwuk k,0
agama katolik katolik nusantara agama kristen protestan kristen protestan nusantara agama hindu hindu nusantara agama buddha buddha nusantara,0
3 bas teknologi digital presiden sistem jalan langsung ramah ratas,0
ah asa hibur cebong bahagia presiden cebong tol cebong germo,0
resah presiden hidup penuh drama citra main film televisi joko judul uniform resource locator,0
agama kristen golong darah b nasal san fernando valley,0
buddha bunuh muslim myanmar,0
papa ketua fraksi rakyat nya setya novanto dewan wakil rakyat pecat ketua dewan wakil rakyat pecat dewan wakil rakyat,0
cina,0
ribut komunis bla bla emoh baca baca niat agitasi serang perintah pakai cari simpatisan,0
10 presiden jokowi harap skema kerja laku bangun bangun,0
pilih langsung biar pilih presiden dewan wakil rakyat calon presiden biar kayak kucing karung bikin mekanisme oke calon presiden gubernur prestasi maju calon presiden gubernur,0
vital inter bek kanan beda ya era maicon ambrosio cancelo bagus nhmmmm bera i simpul geblek ausilio,0
nama agama munafik,0
43 contoh tuding duga korupsi susilo bambang yudhoyono dorong jaksa usut himbau komisi berantas korupsi usut duga korupsi jokowi,0
cium bau bau pecun uniform resource locator,0
henti konsumen wisata haji rumah tipu produsen wisata jiarah indonesia,0
buru nazi simon wiesenthal pegang foto foto gambar mantan kepala gestapo laki laki rauf buah van kamar gas gerak eksekusi orang orang yahudi,0
caci maki nista agama nyata poligami umpet sih ogah,0
bubar negara republik indonesia harga mati,0
wkwk mampus pepet uji ah,0
gubernur jaman now ya anti hoaks sebar isu ganjar yasin menang ganjar yasin 1 ganjar yasin,0
azan televisi panggil manggil allah subhanahu wa taala dungu biadab henti acara catut nama tuhan,0
laku bani cebong,0
baju yahudi top 4 bas geng jubah putih kopiah minyak atar janggut dahi belekok bak ahli syurga nih out of place mohon rajam,0
gue ge marah auto daftar hitam hidup gue sampah daur ulang,0
anjir bekas silit,0
cebong panas ngawur,0
amin moga be iga tampil sumbang medali sumatra selatan,0
,0
gubernur zaman now gus ipul puti 2 ganjar yasin 1 djarot sihar 2 hasan anton 2 koster ace 1 nurdin sudirman 3 karolin gidot 2 keanekaragaman budaya suku agama sungguh kaya djarot hadap pese a rakercabsu,0
bingkai bangkai ajar hidup,0
edan menang lihat ya ampun kakak r gue banget,0
partai komunis indonesia alias ai korupsi indonesia ganyang,0
perempuan kayak mending mati deh jelek sok make up a ist,0
jual gue kayak jablay,0
bijak tugas jajar kereta listrik doang tumpang doang suruh orang menge i menge i butuh orang bangkai,0
titit nya sambung pakai accessoris,0
mata gue pas sipit aneh banget,0
banci gigih natural killer uniform resource locator,0
banci kampung heeee,0
gembel ganteng kasihan cinta asyik asyik hebat,0
deklarasi pilih kepala daerah 2018 aman anti hoaks toga jemirahan jabon,0
setia usaha agung pas datuk takiyuddin hasan sahkan cuba pinda lembaga i sepe i presiden i,0
najis,0
sastra e karl mark pentol komunis rusia,0
otak kayak bool deh mes makan silit,0
ganti rezim kacung cebong,0
hebat bicara cinta pegang alquran pegang hidup alquran bicara cinta perang bunuh penggal,0
jomlo jablay,0
perjaka jual sok sok an booking tante idiot anjir,0
rev 1 pilih ulama kafir munafik,0
jaga bersih lingkung orang orang melek wajib buang sampah bicara tugas bersih,0
sejuk gila kantor kulit buaya,0
ooo kena imbang nakal kucing anjing abang dark side bright side chill sosial kalai lengkap haha k bang selamat maju jaya terima kasih,0
solusi 2019 ganti presiden dampak signifikan nya obat cegah sakit be ambah parah,0
gampang kak buka handphone buka browser ketik budaya palembang sila nikmat ajar gratis,0
gerombol onta bela umat mata politik praktis tuan guru bajang demokratis umat pikir modern salut tuan guru bajang,0
culun mending kampung jess,0
goyang jilboobs mantap nih hyper kontol squi tonton live nya besok,0
islam indonesia islam nusantara islam modifikasi rupa masuk budaya indonesia agam islam nusantara islam toleran,0
presiden aspek indonesia mbak anti investasi asing ubah invasi asing wajib warga negara lawan,0
09 15 indonesia barat kepala unit bina masyarakat inspektur polisi mt hutasoit laksana sambang pesan pesan aman tertib masyarakat pilih gubernur pilih kepala daerah 2018 karyawan bank rakyat indonesia ranting muara damenra silit kawan kawan desa hutanagodang camat muara kabupaten tap utara,0
kalimantan tuju batu bara nya keruk listrik megap megap,0
fardu kifayah hukum wajib ajar islam pilih presiden utus kalang santri sokong ulama maju pimpin negeri,0
ha bangkai nih truk,0
nahdliyin setop hina hadap maruf amin,0
cebong kampret onta singgung laut,0
risa pulang latih khusus iris hazel milik tangkap siluet orang gadis gadis asing risa temu gadis radio tinggal kerja r,0
haha orang gila bicara cak micin biar otak encer cong omong ngawur muslim muslim silit tau babi,0
coba kaca introspeksi keluarga pakai hijab komunis otak pakai prope iya orang,0
muhammadiyah inggris jalin kerja kendali ekstrem,0
neraka kena bom surga orang muka bumi masuk goku,0
bot ih liebe ih a inya bot kasih ipad barusan cemplung jamban kuda,0
copot darmin nasution menteri ekonomi ekonomi bodoh turun daya beli jabat,0
bodoh anjir bodoh tertawa gue tertawa astagfirullah humor banget uniform resource locator,0
mata picek cuk norak lihat prestasi jokowi nguoblokkk tolol,0
hasil penjara ahok alumni 212 dukung rizieq lengser jokowi lebaran,0
coba dedengkot jin terang ulama saudi rilis publik akidah jin contoh jin anggap kafir peluk kristen hindu buddha peluang masuk surga fatwa saudi jin adal,0
sepe i hujan lebat langit gelap gelita guruh a kilat sumbat jari telinga dengar suara petir ranah takut mati masakan lepas allah me,0
cerdas konseptual,0
nama yoon gi putus iring sergap mata asa antuk gigit bibir ragu gapai gelas minum wine tinggal,0
bismillah melayu raya tanah melayu nama dengar kaji jajah tanah melayu thread kupas serba bani jawi,0
nak kawin nih kena simpan duit ilmu agama kena benda kena senang cerita,0
aduh lucu banget adik kelas gue pas lapor bang field trip taman safari heran 1 nama teman arisan keluarga bawa 1 sekolah tai arisan,0
main anjing,0
hebat arif suku badui hutan jaga budaya nafas hidup hidup jaga imbang alam,0
ya iya gilir ramai bela pas idol mati sedih doang serbu gila gila sarap ya maaf,0
sabar doa usaha ikhtiar mudah mudah bentar 2019 ganti presiden pakai sontek pakai plonga plongo,0
umat islam maksud front bela islam hati muslim nista islam bajing muslim onar kecut lari mesum islam islam gilir mesum islam onar islam,0
warga semarang prihatin kontroversi puisi gus mus,0
celeng nya bang acon susah banget xa,0
cari musuh dasar ana cebong kampret,0
tuju dewan wakil rakyat menteri jabat negara wajib potong 50 masuk presiden pegawai negeri sipil potong pegawai swasta potong,0
nih akun hasil bodoh kaum 212 bikin kaum kaum biar jokowi anti islam wkwk,0
juara tipu junjung bani kampret 212,0
turun cina sipit,0
amin rais bikin kacau suruh reformasi pilih kepala daerah salah hasil,0
fahri hamzah presiden komisi berantas korupsi bubar uniform resource locator,0
takut banci uniform resource locator,0
lindung masyarakat wilayah tawangsari bulu amp lihat terima bekal pam pilih kepala daerah serentak,0
bolot,0
native speaker ya mother language nya english komen jaga bangsat,0
nyata bangkai,0
salah tulis salah bu maksud nya cebong muda kampung,0
nama absurd first impression bikin enak imajinasi ganteng etik pas coba ngewe direct message enak banget harap direct message nyata,0
admin presiden pm,0
stw singaraja suka kontol uniform resource locator,0
kafir haram pimpin monyet,0
shio baekhyun monyet,0
ceruk pasar pasar pasar butuh contoh asuransi pensiun tentara us orang pensiun tentara pensiun tentara asuransi alat butuh orang cacat orang cacat ta,0
kiai staquf suku ras biar mudah paham nalar bahlul arab sembah sodor arab bani saud pro israel eh pura pura,0
laku dosa ya anis sandi bully rendah orang jahat licik bully rendah dunia kejam kawan,0
om om ajar agama buddha hindu coba ajar ya buka mulut,0
alam kerja time cina best kerja melayu haha,0
kuat jijik ku cepat asa kejar kejar ya napas sungkan wkwk,0
bubar dewan wakil rakyat bubar save komisi berantas korupsi,0
hehe nyata pasar global batas lokal asing asing jujur,0
gue diving mampus junedi,0
suciwati revolusi mental jokowi omong kosong bual tuju amp komen uniform resource locator,0
marah orang rupiah panggil sipit hoshi suka mata sepele ah fisik pakai definisi hoshi milik mata sipit deh,0
otak makelar jual aset negara maling aset negara pe amina jual isi tenaga kerja asing tiongkok 2019 ganti presiden nurl,0
akun siti fatimah amp komen laman ringkas parah amp bejat malu moga sehat sabar amp semangat suara,0
bawang putih kafir haram his hiks hiks,0
tuju ahoker lengser prabowo jokowi hancur penjara karuan uniform resource locator,0
rawan join buah gera arus rindu pimpin nasional nasionalis islam moderat cak imin the next wakil presiden join 2019,0
onta nsd,0
umpan pakai biar mancing buaya,0
retweeted ikko pribumi tiru horas horas horas kapal feri presiden unjung pulau samosir rangkai kunjung kerja presiden sambut upacara adat samosir pekik horas horas horas,0
mata lu picek ya janji jokowi tagih susilo bambang yudhoyono mata picek blok,0
indonesia be ahan kuat ekonomi politik hun pilih kerja simpan beda agama,0
50 freepo kuasa asing perintah jokowi a jonan menteri energi sumber daya mineral freepo ambil alih saham jonan jos,0
as clara anak pintar dongok kocak cantik idot tau malu urat malu putus butt muka nya imut banget,0
menteri agama riset guru agama islam negeri orientasi publikasi a ikel scopus jenis tantang umat islam guru agama islam negeri pangkal data rujuk bangun database ulama nusantara,0
presiden buruk sejarah bangsa bangsa cebong,0
me nusantara a i nasionalisasi aset asai asing laku pimpin sungguh nasionalis patriotik nusantara versi proxy be uju lemah tahan nusantara nasional bangsa,0
foto profil nya pesawat bilang cinta produk asing sederhana ukur parah tingkat munafik mu langsung terjun pesawat biar sesuai,0
remuk rengginang cocot ah,0
ku padah eh even bodoh bulak curang ompu ya nya still segal sayang eh bodoh sikpande harga,0
,0
acara mutu ulah mantan aktivis nih organisasi masyarakat mahasiswa gembong partai komunis indonesia musuh bebuyutan himpun mahasiswa islam,0
ayo pilih alin alin bawel banget omong lihat banci jalan omong,0
adopsi perintah pusat nih,0
prof prof bilang forum buka kacau biar prof muka agama ulama melur,0
biadab oknum aparat keparat,0
haha jancuk,0
untung kunti,0
kaisoo couple hangat bandara tanggal 1 maret kemarin kalah hunhan korea cina cina korea kau suka banget o kaisoo fact,0
wkwk mampus salah gue blok jaman jokowi ahok calon gubernur gaya intip intip anies sandi uniform resource locator,0
orang asing obrol bosan tunggu transit teman,0
mata picek mata lihat belah,0
maaf twitter pe kali orang bego,0
kocak kalabong dungu,0
catat buka lupa alam pilih kepala daerah daerah khusus ibukota jaka a 2017 usung ai gerindra hasil tumbang tahan usung koalisi motor,0
kenal pribadi perempuan pilih kepala daerah bondowoso radar jember,0
mayoritas buddha pendeta demo googling video demo thailand biar tau,0
komunis main,0
suka kesal orang pas gue confess gue gilir gue jomlo tau bicara silit,0
ehhhhh bandot kritik jokowi mencret darah is oke hina fitnah ambil tindak jokowi presiden pimpin negara pimpin agama salah kaprah luuuu,0
balas usir buddha ajar etnis muslim rohingya singkir data sensus duduk myanmar,0
astagfirullah mata gue noda kutuk nge bokep,0
allah panggil orang allah rindu baitullah,0
kontol iya hapus,0
obat monyet kedih uniform resource locator,0
pergi bangkai,0
bingung toleransi bikin gue pikir alas katolik paus wakil kristus,0
tertawa kunti,0
amin ya rabi tolong indonesia ya alah lebiiihhhh,0
ustaz partai adil sejahtera yudi widiana tilap duit bahasa agama juz amp liqo felix kwetiau amp alumni 212 diam amp pura pura budek gilir bu,0
amin moga istikamah khawatir cibir orang anggap uji orang orang dulunya suram kafir taubat tokoh juang agama islam,0
video call gubernur dinas istanbul turki video call lapor pe hibur malam karaoke sense amp diskotik eksotik tutup hormat keras bantu ole,0
bela pancasila daulat negara dukung lengser ancam nyata,0
proyek saracen ganjal lantik anies temu saracen foto tokoh ai politik,0
sih ahok kutil babi,0
soekarno konotasi rejim anti demokrasi ndg embel embel presiden umur hidup,0
bangkai kg tidur siang,0
jokowi kasihan goreng pbb,0
amin moga jokowi presiden,0
meni simpang lgbt nikah hidup berkah dunia rusak zina gera stop kawin,0
kepala polisi republik indonesia mundur jabat,0
daya ekonomi pesantren ulama jawa barat dukung jokowi pilih presiden 2019 jokowi 2019,0
semangat kantor staf presiden publikasi giat presiden rakyat tau presiden kerja keras bangun bangsa kerja kerja kerja,0
cocot,0
tuju dukung presiden upaya kuasa asing ekspor mentah ganti kontrak rugi indonesia,0
kristen nusantara contoh huria kristen batak protestan huria kristen batak protestan gereja kristen jawa gereja kristen jawa gereja pasundan gereja manado gereja malu gereja papua ciri khas sesuai tradisi suku,0
ya bentar utang susilo bambang yudhoyono njiiieng,0
freepo diam negosiasi kalah,0
negara kayak tipu bocah sekolah dasar dokumen hilang huh,0
allah subhanahu wa taala sembah dungu biadab ya,0
ogah prabowo gatot oke,0
baca cerdas biar cap goblok v just kidding maaf balas orang intelligence quotient menge i tulis v,0
calon gubernur jawa nomor urut 1 mempe anyak program unggul rival kait buka lapang kerja 5 juta 5 ganjar situasi ekonomi buka lapang,0
burik iya burik panuan kutu jamur ha rang ajar,0
we jancuk ajar,0
amin rais himbau masyarakat salah pilih pimpin,0
jaman gue negeri kamis pakai baju kotak kotak kayak seragam sekolah kristen jumat nya wajib pakai celana doang pakai baju koko ya,0
najis kirim pesan direct message gue balas bodoh gue doa pentas menang,0
cowok bacot sih anjing gue gampar,0
rizal ramli mayoritas masyarakat jokowi klik rmol calon presiden rakyat,0
indonesia lawyers club boediono century intens lupa kunci butuh 2019 ganti presiden,0
maju gubernur sengsara rawan,0
orang anggap munafik pura,0
kristen prinsip enkulturasi agama katolik indonesia kristen indonesia asing islam kental arab,0
copras calon presiden pikir mikirrrr pikir sih kowi 1 periode babak bur uniform resource locator,0
tau jokowi panggung jilat jilat prabowo dasar lintah uniform resource locator,0
barusan dongok dongok motor klakson be ubi2 lampu merah oi dongok berisik norak pas tengok tau teman chain menang ganti lu darah puteeeh,0
prabowo suka kampanye negatif kampung geli,0
presiden jokowi gubernur anton program selaras jalan hasan,0
the lie tju siswi kelas 1b katolik santo petrus 1984 istri ronaldo pardede siswa kelas 1a katolik santo petrus 1984,0
dengar ulama otot kriminalisasi ulama ya lengser jokowi,0
bencong bacot cewek kayak banci amen kasih duit bacot mending cakap jelek kayak suram mentioned gue langsung kutip twit,0
tolong lihat bok ya panggil pas papas buta budek tunggu,0
enak banget ya om bom susilo bambang yudhoyono debat sangka tinggal,0
kafir alquran situ sehat,0
dukung calon presiden suka atur jokowi prabowo atur menang pilih presiden 2019,0
hebat ahok maaf bini salam 7 surat pemberitahuan ono kabur malu ulama laku bejat,0
dungu islam alquran ajar amoral ansor agama islam posisi moral,0
owner seo tai adminnya hiring sayang 3 s,0
oke sip otak bolot gue bingung,0
hidup prabowo anak soemitro penghianat bangsa,0
perek sih doll ya,0
pilih presiden orang tua nya penghianat negara,0
sih ahok bilang nista agama kayak politikus koruptor panggil urus hukum ngeles pakai sakit hati hati mati,0
tolol aji agama islam sp i orang aji orang,0
new post festival pesona tambora angkat eksotisme alam budaya dompu bima,0
bang laku kristen istri muslim strategi te entu,0
presiden joko widodo jokowi buka kongres 29 himpun mahasiswa katolik republik indonesia himpun mahasiswa katolik republik indonesia pesan konteks politik 2018 jaga kondisi kontestasi politik isi adu program gagas ra,0
cebong kasih fakta bilang dusta cebong kasih dusta bilang realita cebonger si bikin gemas,0
rakyat kaum bani cebong,0
gue menang anjir cupu fik,0
kangen edan,0
oh mami kontol jari pusat 3 ngentot mami mami capai,0
kuliah maroko bilang anies super gubernur jaga asa enak bilang layak presiden,0
orang orang maha nan suci sih hina presiden lepas umur keluh tahan cina tahan keluh perintah orde su,0
salah amp bilang antek asing adik prabowo bilang prabowo pro amerika uniform resource locator,0
jodoh presiden pengantin wanita tajikistan sedih,0
resmi berkat gereja katolik hati kudus yesus batu gantung ambon,0
